retrieved_at;source_url;spieler_id;spieler;team;team_kuerzel;position;trikotnummer;marktwert;marktwert_trend_24h;marktwert_trend_7t;ki_trend;ki_trend_status;punkte;durchschnitt_punkte;median_punkte;punkte_pro_mio;einsaetze;startelf_einsaetze;durchschnitt_minuten;marktwert_fair_value;hot;gamble;neuzugang;status_code;status_text;punkte_vorsaison;durchschnitt_punkte_vorsaison;einsaetze_vorsaison;startelf_vorsaison;vorsaison;vorsaison_liga;naechstes_spiel;naechster_gegner;naechster_spieltag;score_date;league;team_rank;team.1;team_slug;spieler_id.1;maik_rolle;maik_score;maik_score_change;source_url.1;retrieved_at.1;verein;verein_id;ligainsider_id;url;startelf
2026-10-03T18:13:48+00:00;https://www.base-xi.de/api/players;8274;Said El Mala;1. FC Köln;KOE;Mittelfeld;10;21180186;-450646;-2475222;-440718;down;227;76;67.0;3.5;3;2;60;9161709;False;0;False;0;;2418.0;71.0;34.0;20.0;2025/26;Bundesliga;2026-10-11T14:30:00;KOE vs BMG;5;2026-10-03;de.1;8.0;1. FC Köln;1-fc-koln;649235.0;Attacking Winger;4903.3;-10.6;https://maikmitai.com/api/score-history?team=1-fc-koln;2026-10-03T18:11:35+00:00;1-fc-koeln;15.0;38546.0;https://www.ligainsider.de/said-el-mala_38546/;False
2026-10-03T18:13:48+00:00;https://www.base-xi.de/api/players;2718;Ellyes Skhiri;1. FC Köln;KOE;Mittelfeld;6;11021576;49330;645081;38373;up;326;82;58.0;5.6;4;2;67;6923142;False;0;False;0;;1030.0;41.0;25.0;16.0;2025/26;Bundesliga;2026-10-11T14:30:00;KOE vs BMG;5;2026-10-03;de.1;8.0;1. FC Köln;1-fc-koln;195430.0;Anchor;3769.8;51.7;https://maikmitai.com/api/score-history?team=1-fc-koln;2026-10-03T18:11:35+00:00;1-fc-koeln;15.0;20776.0;https://www.ligainsider.de/ellyes-skhiri_20776/;True
2026-10-03T18:13:48+00:00;https://www.base-xi.de/api/players;1580;Marvin Schwäbe;1. FC Köln;KOE;Torwart;1;10613058;13904;-1721838;43904;up;448;112;96.0;9.8;4;4;95;20073663;True;0;False;0;;3249.0;96.0;34.0;34.0;2025/26;Bundesliga;2026-10-11T14:30:00;KOE vs BMG;5;2026-10-03;de.1;8.0;1. FC Köln;1-fc-koln;183095.0;Sweeper;4331.1;18.8;https://maikmitai.com/api/score-history?team=1-fc-koln;2026-10-03T18:11:35+00:00;1-fc-koeln;15.0;2626.0;https://www.ligainsider.de/marvin-schwaebe_2626/;False
2026-10-03T18:13:48+00:00;https://www.base-xi.de/api/players;2201;Linton Maina;1. FC Köln;KOE;Sturm;37;8567857;-155688;-1847218;-143058;down;352;88;58.0;7.5;4;3;63;6835507;False;0;False;0;;960.0;40.0;24.0;9.0;2025/26;Bundesliga;2026-10-11T14:30:00;KOE vs BMG;5;2026-10-03;de.1;8.0;1. FC Köln;1-fc-koln;219846.0;10;3721.7;47.8;https://maikmitai.com/api/score-history?team=1-fc-koln;2026-10-03T18:11:35+00:00;1-fc-koeln;15.0;18217.0;https://www.ligainsider.de/linton-maina_18217/;True
2026-10-03T18:13:48+00:00;https://www.base-xi.de/api/players;12321;Jahmai Simpson-Pusey;1. FC Köln;KOE;Abwehr;22;8258600;-239970;-2780983;-227006;down;302;76;80.0;8.3;4;4;95;10488996;False;0;False;0;;669.0;61.0;11.0;10.0;2025/26;Bundesliga;2026-10-11T14:30:00;KOE vs BMG;5;2026-10-03;de.1;8.0;1. FC Köln;1-fc-koln;554194.0;Ball-Playing Centre-Back;4222.2;19.4;https://maikmitai.com/api/score-history?team=1-fc-koln;2026-10-03T18:11:35+00:00;1-fc-koeln;15.0;38128.0;https://www.ligainsider.de/jahmai-simpson-pusey_38128/;True
2026-10-03T18:13:48+00:00;https://www.base-xi.de/api/players;11570;Sebastian Sebulonsen;1. FC Köln;KOE;Abwehr;28;7282740;189266;1789652;173644;up;18;18;42.0;5.5;1;0;30;2825320;False;0;False;0;;1413.0;46.0;31.0;28.0;2025/26;Bundesliga;2026-10-11T14:30:00;KOE vs BMG;5;2026-10-03;de.1;8.0;1. FC Köln;1-fc-koln;502821.0;Inverted Full-Back;3308.5;-14.3;https://maikmitai.com/api/score-history?team=1-fc-koln;2026-10-03T18:11:35+00:00;1-fc-koeln;15.0;38632.0;https://www.ligainsider.de/sebastian-sebulonsen_38632/;True
2026-10-03T18:13:48+00:00;https://www.base-xi.de/api/players;17282;Mikey Moore;1. FC Köln;KOE;Mittelfeld;47;7263802;-252260;-1720106;-233784;down;140;47;;;3;2;73;0;False;0;False;0;;;;;;2025/26;;2026-10-11T14:30:00;KOE vs BMG;5;2026-10-03;de.1;8.0;1. FC Köln;1-fc-koln;499721.0;Raumdeuter;3637.3;72.7;https://maikmitai.com/api/score-history?team=1-fc-koln;2026-10-03T18:11:35+00:00;1-fc-koeln;15.0;38448.0;https://www.ligainsider.de/mikey-moore_38448/;True
2026-10-03T18:13:48+00:00;https://www.base-xi.de/api/players;8001;Luka Lochoshvili;1. FC Köln;KOE;Abwehr;24;7106990;213231;-326606;243231;up;315;79;68.0;9.8;4;4;95;10312016;True;0;False;0;;3263.0;99.0;33.0;33.0;2025/26;2. Bundesliga;2026-10-11T14:30:00;KOE vs BMG;5;2026-10-03;de.1;8.0;1. FC Köln;1-fc-koln;211265.0;Ball-Playing Centre-Back;4135.7;20.9;https://maikmitai.com/api/score-history?team=1-fc-koln;2026-10-03T18:11:35+00:00;1-fc-koeln;15.0;23949.0;https://www.ligainsider.de/luka-lochoshvili_23949/;True
2026-10-03T18:13:48+00:00;https://www.base-xi.de/api/players;2855;Ragnar Ache;1. FC Köln;KOE;Sturm;9;6686251;-223857;-1664892;-223402;down;251;63;55.0;9.7;4;2;50;6576054;False;0;False;0;;1937.0;67.0;29.0;18.0;2025/26;Bundesliga;2026-10-11T14:30:00;KOE vs BMG;5;2026-10-03;de.1;8.0;1. FC Köln;1-fc-koln;233325.0;Target Man;5130.3;10.6;https://maikmitai.com/api/score-history?team=1-fc-koln;2026-10-03T18:11:35+00:00;1-fc-koeln;15.0;23720.0;https://www.ligainsider.de/ragnar-ache_23720/;False
2026-10-03T18:13:48+00:00;https://www.base-xi.de/api/players;11875;Rav van den Berg;1. FC Köln;KOE;Abwehr;33;6418890;124356;1815253;94356;up;0;0;52.0;;0;0;0;0;False;0;False;0;;805.0;58.0;14.0;12.0;2025/26;Bundesliga;2026-10-11T14:30:00;KOE vs BMG;5;2026-10-03;de.1;8.0;1. FC Köln;1-fc-koln;512229.0;Ball-Playing Centre-Back;4170.4;;https://maikmitai.com/api/score-history?team=1-fc-koln;2026-10-03T18:11:35+00:00;1-fc-koeln;15.0;38630.0;https://www.ligainsider.de/rav-van-den-berg_38630/;False
2026-10-03T18:13:48+00:00;https://www.base-xi.de/api/players;2358;Tom Krauß;1. FC Köln;KOE;Mittelfeld;5;6301483;-271918;-1974183;-260827;down;206;52;52.0;8.6;4;4;88;5698122;False;0;False;0;;1461.0;56.0;26.0;19.0;2025/26;Bundesliga;2026-10-11T14:30:00;KOE vs BMG;5;2026-10-03;de.1;8.0;1. FC Köln;1-fc-koln;449918.0;Ball-Winning Pivot-Player;4417.8;-29.8;https://maikmitai.com/api/score-history?team=1-fc-koln;2026-10-03T18:11:35+00:00;1-fc-koeln;15.0;20244.0;https://www.ligainsider.de/tom-krauss_20244/;True
2026-10-03T18:13:48+00:00;https://www.base-xi.de/api/players;16945;Thijs Dallinga;1. FC Köln;KOE;Sturm;27;5509281;-268763;-2182522;-256840;down;258;86;;;3;2;53;0;False;0;False;0;;;;;;2025/26;;2026-10-11T14:30:00;KOE vs BMG;5;2026-10-03;de.1;8.0;1. FC Köln;1-fc-koln;438590.0;Advanced Forward;3581.2;-11.2;https://maikmitai.com/api/score-history?team=1-fc-koln;2026-10-03T18:11:35+00:00;1-fc-koeln;15.0;36506.0;https://www.ligainsider.de/thijs-dallinga_36506/;False
2026-10-03T18:13:48+00:00;https://www.base-xi.de/api/players;14140;Gideon Mensah;1. FC Köln;KOE;Abwehr;14;5256081;-298305;-2267301;-287598;down;230;58;;;4;4;88;0;False;0;False;0;;;;;;2025/26;;2026-10-11T14:30:00;KOE vs BMG;5;2026-10-03;de.1;8.0;1. FC Köln;1-fc-koln;229670.0;Wing-Back;4567.5;-2.7;https://maikmitai.com/api/score-history?team=1-fc-koln;2026-10-03T18:11:35+00:00;1-fc-koeln;15.0;16759.0;https://www.ligainsider.de/gideon-mensah_16759/;True
2026-10-03T18:13:48+00:00;https://www.base-xi.de/api/players;2552;Marius Bülter;1. FC Köln;KOE;Sturm;30;4644439;-133742;-2174281;-103742;down;103;26;26.0;8.5;4;1;33;1643020;False;0;False;0;;1701.0;53.0;32.0;18.0;2025/26;Bundesliga;2026-10-11T14:30:00;KOE vs BMG;5;2026-10-03;de.1;8.0;1. FC Köln;1-fc-koln;449343.0;Inverted Winger;3858.2;-24.3;https://maikmitai.com/api/score-history?team=1-fc-koln;2026-10-03T18:11:35+00:00;1-fc-koeln;15.0;19202.0;https://www.ligainsider.de/marius-buelter_19202/;False
2026-10-03T18:13:48+00:00;https://www.base-xi.de/api/players;7219;Ísak Jóhannesson;1. FC Köln;KOE;Mittelfeld;8;4618671;-90953;-1619577;-86326;down;215;54;27.0;11.0;4;2;62;1744537;False;0;False;0;;1473.0;48.0;31.0;21.0;2025/26;Bundesliga;2026-10-11T14:30:00;KOE vs BMG;5;2026-10-03;de.1;8.0;1. FC Köln;1-fc-koln;479342.0;Box-to-Box Midfielder;3961.0;0.4;https://maikmitai.com/api/score-history?team=1-fc-koln;2026-10-03T18:11:35+00:00;1-fc-koeln;15.0;35249.0;https://www.ligainsider.de/isak-johannesson_35249/;True
2026-10-03T18:13:48+00:00;https://www.base-xi.de/api/players;10024;Joël Schmied;1. FC Köln;KOE;Abwehr;2;4248048;-150968;-1510012;-125266;down;20;20;34.0;8.5;1;0;3;1414774;False;0;False;0;;635.0;40.0;16.0;13.0;2025/26;Bundesliga;2026-10-11T14:30:00;KOE vs BMG;5;2026-10-03;de.1;8.0;1. FC Köln;1-fc-koln;512524.0;Wide Centre-Back;2896.1;-217.3;https://maikmitai.com/api/score-history?team=1-fc-koln;2026-10-03T18:11:35+00:00;1-fc-koeln;15.0;38328.0;https://www.ligainsider.de/joel-schmied_38328/;False
2026-10-03T18:13:48+00:00;https://www.base-xi.de/api/players;11958;Alessio Castro-Montes;1. FC Köln;KOE;Mittelfeld;17;3140747;-132692;-1004576;-187186;down;177;44;39.0;17.2;4;4;80;2805162;False;0;False;1;Muskelverletzung - fällt vorerst aus;892.0;64.0;14.0;7.0;2025/26;Bundesliga;2026-10-11T14:30:00;KOE vs BMG;5;2026-10-03;de.1;8.0;1. FC Köln;1-fc-koln;226858.0;Wing-Back;4619.9;-10.7;https://maikmitai.com/api/score-history?team=1-fc-koln;2026-10-03T18:11:35+00:00;1-fc-koeln;15.0;22736.0;https://www.ligainsider.de/alessio-castro-montes_22736/;False
2026-10-03T18:13:48+00:00;https://www.base-xi.de/api/players;2247;Borna Sosa;1. FC Köln;KOE;Abwehr;3;2818418;-96997;-821346;-89722;down;7;7;;;1;0;29;0;False;0;False;0;;;;;;2025/26;;2026-10-11T14:30:00;KOE vs BMG;5;2026-10-03;de.1;8.0;1. FC Köln;1-fc-koln;218364.0;Inverted Full-Back;4832.4;239.3;https://maikmitai.com/api/score-history?team=1-fc-koln;2026-10-03T18:11:35+00:00;1-fc-koeln;15.0;12284.0;https://www.ligainsider.de/borna-sosa_12284/;False
2026-10-03T18:13:48+00:00;https://www.base-xi.de/api/players;2765;Jan Thielmann;1. FC Köln;KOE;Mittelfeld;29;2538973;-112729;-868906;-110535;down;99;50;42.0;20.2;2;2;71;2991515;False;1;False;0;;1355.0;52.0;26.0;20.0;2025/26;Bundesliga;2026-10-11T14:30:00;KOE vs BMG;5;2026-10-03;de.1;8.0;1. FC Köln;1-fc-koln;470311.0;Wing-Runner;3487.0;1.5;https://maikmitai.com/api/score-history?team=1-fc-koln;2026-10-03T18:11:35+00:00;1-fc-koeln;15.0;21998.0;https://www.ligainsider.de/jan-thielmann_21998/;True
2026-10-03T18:13:48+00:00;https://www.base-xi.de/api/players;14300;Paul Okon-Engstler;1. FC Köln;KOE;Mittelfeld;23;1285237;-123034;-965234;-121909;down;69;23;;;3;2;39;0;False;0;False;0;;;;;;2025/26;;2026-10-11T14:30:00;KOE vs BMG;5;2026-10-03;de.1;8.0;1. FC Köln;1-fc-koln;550966.0;Anchor;3360.1;4.0;https://maikmitai.com/api/score-history?team=1-fc-koln;2026-10-03T18:11:35+00:00;1-fc-koeln;15.0;38936.0;https://www.ligainsider.de/paul-okon-engstler_38936/;False
2026-10-03T18:13:48+00:00;https://www.base-xi.de/api/players;2069;Timo Hübers;1. FC Köln;KOE;Abwehr;4;863950;-135148;-1006430;-188638;down;0;0;64.0;;0;0;0;0;False;1;False;1;Nach schwerer Knieverletzung - unterzieht sich erneut einer Operation;737.0;92.0;8.0;8.0;2025/26;Bundesliga;2026-10-11T14:30:00;KOE vs BMG;5;2026-10-03;de.1;8.0;1. FC Köln;1-fc-koln;228528.0;Defensive Centre-Back;4656.6;;https://maikmitai.com/api/score-history?team=1-fc-koln;2026-10-03T18:11:35+00:00;1-fc-koeln;15.0;8912.0;https://www.ligainsider.de/timo-huebers_8912/;False
2026-10-03T18:13:48+00:00;https://www.base-xi.de/api/players;737;Luca Waldschmidt;1. FC Köln;KOE;Mittelfeld;7;500000;0;-119069;0;right;-4;-4;31.0;78.4;1;0;11;1400635;False;0;False;0;;1192.0;50.0;24.0;7.0;2025/26;Bundesliga;2026-10-11T14:30:00;KOE vs BMG;5;2026-10-03;de.1;8.0;1. FC Köln;1-fc-koln;168143.0;10;3931.9;-74.7;https://maikmitai.com/api/score-history?team=1-fc-koln;2026-10-03T18:11:35+00:00;1-fc-koeln;15.0;2594.0;https://www.ligainsider.de/luca-waldschmidt_2594/;False
2026-10-03T18:13:48+00:00;https://www.base-xi.de/api/players;2536;Matthias Köbbing;1. FC Köln;KOE;Torwart;44;500000;0;0;0;right;0;0;;;0;0;0;0;False;0;False;0;;0.0;;0.0;0.0;2025/26;;2026-10-11T14:30:00;KOE vs BMG;5;;;;;;;;;;;;1-fc-koeln;15.0;13896.0;https://www.ligainsider.de/matthias-koebbing_13896/;False
2026-10-03T18:13:48+00:00;https://www.base-xi.de/api/players;15373;Reigan Heskey;1. FC Köln;KOE;Mittelfeld;11;500000;0;-675198;0;right;-8;-8;;;1;0;19;0;False;0;False;0;;;;;;2025/26;;2026-10-11T14:30:00;KOE vs BMG;5;2026-10-03;de.1;8.0;1. FC Köln;1-fc-koln;580921.0;Attacking Winger;5039.7;45.8;https://maikmitai.com/api/score-history?team=1-fc-koln;2026-10-03T18:11:35+00:00;1-fc-koeln;15.0;38945.0;https://www.ligainsider.de/reigan-heskey_38945/;False
2026-10-03T18:13:48+00:00;https://www.base-xi.de/api/players;417;Ron-Robert Zieler;1. FC Köln;KOE;Torwart;20;500000;0;0;0;right;0;0;;;0;0;0;0;False;0;False;0;;0.0;;0.0;0.0;2025/26;;2026-10-11T14:30:00;KOE vs BMG;5;2026-10-03;de.1;8.0;1. FC Köln;1-fc-koln;51934.0;Sweeper;3870.7;;https://maikmitai.com/api/score-history?team=1-fc-koln;2026-10-03T18:11:35+00:00;1-fc-koeln;15.0;613.0;https://www.ligainsider.de/ron-robert-zieler_613/;False
2026-10-03T18:13:48+00:00;https://www.base-xi.de/api/players;7723;Leopold Querfeld;1. FC Union Berlin;FCU;Abwehr;14;13036287;121488;1174013;106932;up;432;144;98.0;8.7;3;3;101;18147045;False;0;False;0;;2789.0;90.0;31.0;30.0;2025/26;Bundesliga;2026-10-10T14:30:00;FCU vs SVE;5;2026-10-03;de.1;12.0;1. FC Union Berlin;1-fc-union-berlin;518058.0;Defensive Centre-Back;5244.1;19.1;https://maikmitai.com/api/score-history?team=1-fc-union-berlin;2026-10-03T18:11:35+00:00;1-fc-union-berlin;1246.0;27234.0;https://www.ligainsider.de/leopold-querfeld_27234/;True
2026-10-03T18:13:48+00:00;https://www.base-xi.de/api/players;2279;Frederik Rönnow;1. FC Union Berlin;FCU;Torwart;1;9979912;-387198;-1073229;-402446;down;304;101;86.0;8.6;3;3;98;13976409;False;0;False;0;;2245.0;75.0;30.0;30.0;2025/26;Bundesliga;2026-10-10T14:30:00;FCU vs SVE;5;2026-10-03;de.1;12.0;1. FC Union Berlin;1-fc-union-berlin;89628.0;Sweeper;4680.1;12.6;https://maikmitai.com/api/score-history?team=1-fc-union-berlin;2026-10-03T18:11:35+00:00;1-fc-union-berlin;1246.0;7943.0;https://www.ligainsider.de/frederik-roennow_7943/;False
2026-10-03T18:13:48+00:00;https://www.base-xi.de/api/players;3102;Tom Rothe;1. FC Union Berlin;FCU;Abwehr;15;8504633;-276092;-1678906;-268420;down;282;71;40.0;6.6;4;4;99;3246270;False;0;False;0;;863.0;41.0;21.0;10.0;2025/26;Bundesliga;2026-10-10T14:30:00;FCU vs SVE;5;2026-10-03;de.1;12.0;1. FC Union Berlin;1-fc-union-berlin;513450.0;Wing-Back;4714.3;-24.8;https://maikmitai.com/api/score-history?team=1-fc-union-berlin;2026-10-03T18:11:35+00:00;1-fc-union-berlin;1246.0;26243.0;https://www.ligainsider.de/tom-rothe_26243/;True
2026-10-03T18:13:48+00:00;https://www.base-xi.de/api/players;2065;Felix Uduokhai;1. FC Union Berlin;FCU;Abwehr;2;7883461;-248525;-2398906;-226196;down;216;72;;;3;3;98;0;False;0;False;0;;;;;;2025/26;;2026-10-10T14:30:00;FCU vs SVE;5;2026-10-03;de.1;12.0;1. FC Union Berlin;1-fc-union-berlin;221693.0;Defensive Centre-Back;4728.1;12.7;https://maikmitai.com/api/score-history?team=1-fc-union-berlin;2026-10-03T18:11:35+00:00;1-fc-union-berlin;1246.0;7041.0;https://www.ligainsider.de/felix-uduokhai_7041/;True
2026-10-03T18:13:48+00:00;https://www.base-xi.de/api/players;4598;Josip Juranović;1. FC Union Berlin;FCU;Abwehr;18;6198745;259128;-58157;271058;up;300;100;53.0;11.5;3;3;94;4172490;False;0;False;2;Krank - verpasst FCB (A);554.0;50.0;11.0;3.0;2025/26;Bundesliga;2026-10-10T14:30:00;FCU vs SVE;5;2026-10-03;de.1;12.0;1. FC Union Berlin;1-fc-union-berlin;210791.0;Wing-Back;4335.0;44.7;https://maikmitai.com/api/score-history?team=1-fc-union-berlin;2026-10-03T18:11:35+00:00;1-fc-union-berlin;1246.0;26979.0;https://www.ligainsider.de/josip-juranovic_26979/;True
2026-10-03T18:13:48+00:00;https://www.base-xi.de/api/players;2400;Christopher Trimmel;1. FC Union Berlin;FCU;Abwehr;28;5151015;297309;2313192;282280;up;-33;-17;37.0;6.7;2;1;46;2463703;False;0;False;0;;1732.0;60.0;29.0;22.0;2025/26;Bundesliga;2026-10-10T14:30:00;FCU vs SVE;5;2026-10-03;de.1;12.0;1. FC Union Berlin;1-fc-union-berlin;62422.0;Wing-Back;4380.8;-16.5;https://maikmitai.com/api/score-history?team=1-fc-union-berlin;2026-10-03T18:11:35+00:00;1-fc-union-berlin;1246.0;5713.0;https://www.ligainsider.de/christopher-trimmel_5713/;False
2026-10-03T18:13:48+00:00;https://www.base-xi.de/api/players;2491;Tim Skarke;1. FC Union Berlin;FCU;Mittelfeld;21;4013264;-91854;-988461;-91770;down;263;66;46.0;11.5;4;0;35;4289139;False;0;False;0;;579.0;26.0;22.0;4.0;2025/26;Bundesliga;2026-10-10T14:30:00;FCU vs SVE;5;2026-10-03;de.1;12.0;1. FC Union Berlin;1-fc-union-berlin;212397.0;Advanced Forward;3202.6;13.6;https://maikmitai.com/api/score-history?team=1-fc-union-berlin;2026-10-03T18:11:35+00:00;1-fc-union-berlin;1246.0;6374.0;https://www.ligainsider.de/tim-skarke_6374/;False
2026-10-03T18:13:48+00:00;https://www.base-xi.de/api/players;51;Rani Khedira;1. FC Union Berlin;FCU;Mittelfeld;8;3889497;-32412;-555443;-21178;down;55;14;36.0;9.6;4;4;99;3047562;False;0;False;0;;1956.0;61.0;32.0;32.0;2025/26;Bundesliga;2026-10-10T14:30:00;FCU vs SVE;5;2026-10-03;de.1;12.0;1. FC Union Berlin;1-fc-union-berlin;111450.0;Ball-Winning Pivot-Player;2709.1;-15.9;https://maikmitai.com/api/score-history?team=1-fc-union-berlin;2026-10-03T18:11:35+00:00;1-fc-union-berlin;1246.0;2122.0;https://www.ligainsider.de/rani-khedira_2122/;True
2026-10-03T18:13:48+00:00;https://www.base-xi.de/api/players;14917;Zeno Van den Bosch;1. FC Union Berlin;FCU;Abwehr;4;3589411;-113316;-909377;-110595;down;90;30;;;3;2;73;0;False;0;False;0;;;;;;2025/26;;2026-10-10T14:30:00;FCU vs SVE;5;2026-10-03;de.1;12.0;1. FC Union Berlin;1-fc-union-berlin;531858.0;Wide Centre-Back;3581.4;-3.9;https://maikmitai.com/api/score-history?team=1-fc-union-berlin;2026-10-03T18:11:35+00:00;1-fc-union-berlin;1246.0;25990.0;https://www.ligainsider.de/zeno-van-den-bosch_25990/;False
2026-10-03T18:13:48+00:00;https://www.base-xi.de/api/players;12763;Emmanuel Latte Lath;1. FC Union Berlin;FCU;Sturm;29;3499051;-92987;-786405;-90806;down;74;19;;;4;4;64;0;False;0;False;0;;;;;;2025/26;;2026-10-10T14:30:00;FCU vs SVE;5;2026-10-03;de.1;12.0;1. FC Union Berlin;1-fc-union-berlin;233581.0;Pressing Forward;3538.2;4.0;https://maikmitai.com/api/score-history?team=1-fc-union-berlin;2026-10-03T18:11:35+00:00;1-fc-union-berlin;1246.0;24183.0;https://www.ligainsider.de/emmanuel-latte-lath_24183/;False
2026-10-03T18:13:48+00:00;https://www.base-xi.de/api/players;4446;Aljoscha Kemlein;1. FC Union Berlin;FCU;Mittelfeld;6;3179653;-101549;-828206;-101032;down;54;14;22.0;9.7;4;3;57;1168660;False;0;False;0;;1437.0;48.0;30.0;23.0;2025/26;Bundesliga;2026-10-10T14:30:00;FCU vs SVE;5;2026-10-03;de.1;12.0;1. FC Union Berlin;1-fc-union-berlin;575397.0;Ball-Winning Pivot-Player;3739.2;-0.7;https://maikmitai.com/api/score-history?team=1-fc-union-berlin;2026-10-03T18:11:35+00:00;1-fc-union-berlin;1246.0;27560.0;https://www.ligainsider.de/aljoscha-kemlein_27560/;True
2026-10-03T18:13:48+00:00;https://www.base-xi.de/api/players;7684;Michel Aebischer;1. FC Union Berlin;FCU;Mittelfeld;20;2948961;72808;-270212;94317;up;26;7;;;4;4;78;0;True;0;False;0;;;;;;2025/26;;2026-10-10T14:30:00;FCU vs SVE;5;2026-10-03;de.1;12.0;1. FC Union Berlin;1-fc-union-berlin;235865.0;Box-to-Box Midfielder;3727.9;6.4;https://maikmitai.com/api/score-history?team=1-fc-union-berlin;2026-10-03T18:11:35+00:00;1-fc-union-berlin;1246.0;12508.0;https://www.ligainsider.de/michel-aebischer_12508/;True
2026-10-03T18:13:48+00:00;https://www.base-xi.de/api/players;1553;Janik Haberer;1. FC Union Berlin;FCU;Mittelfeld;19;2837731;-126165;-957051;-126366;down;42;11;15.0;7.4;4;1;32;551375;False;0;False;0;;870.0;31.0;28.0;20.0;2025/26;Bundesliga;2026-10-10T14:30:00;FCU vs SVE;5;2026-10-03;de.1;12.0;1. FC Union Berlin;1-fc-union-berlin;111453.0;Drifting Midfielder;3507.8;-8.6;https://maikmitai.com/api/score-history?team=1-fc-union-berlin;2026-10-03T18:11:35+00:00;1-fc-union-berlin;1246.0;3616.0;https://www.ligainsider.de/janik-haberer_3616/;True
2026-10-03T18:13:48+00:00;https://www.base-xi.de/api/players;2302;Woo-Yeong Jeong;1. FC Union Berlin;FCU;Mittelfeld;11;2163543;-96709;-744358;-97046;down;121;30;26.0;15.3;4;2;54;1566600;False;0;False;0;;994.0;36.0;28.0;13.0;2025/26;Bundesliga;2026-10-10T14:30:00;FCU vs SVE;5;2026-10-03;de.1;12.0;1. FC Union Berlin;1-fc-union-berlin;446215.0;Playmaking Winger;3693.0;31.7;https://maikmitai.com/api/score-history?team=1-fc-union-berlin;2026-10-03T18:11:35+00:00;1-fc-union-berlin;1246.0;14145.0;https://www.ligainsider.de/wooyeong-jeong_14145/;True
2026-10-03T18:13:48+00:00;https://www.base-xi.de/api/players;8381;Livan Burcu;1. FC Union Berlin;FCU;Mittelfeld;9;2143404;-119602;-920610;-117810;down;51;13;18.0;9.6;4;2;48;684367;False;1;False;0;;504.0;28.0;18.0;6.0;2025/26;Bundesliga;2026-10-10T14:30:00;FCU vs SVE;5;2026-10-03;de.1;12.0;1. FC Union Berlin;1-fc-union-berlin;519095.0;Playmaking Winger;4158.8;15.9;https://maikmitai.com/api/score-history?team=1-fc-union-berlin;2026-10-03T18:11:35+00:00;1-fc-union-berlin;1246.0;36114.0;https://www.ligainsider.de/livan-burcu_36114/;False
2026-10-03T18:13:48+00:00;https://www.base-xi.de/api/players;3453;Derrick Köhn;1. FC Union Berlin;FCU;Abwehr;17;2133124;-131259;-971893;-131548;down;13;7;26.0;16.1;2;0;12;1260922;False;1;False;0;;1387.0;48.0;29.0;21.0;2025/26;Bundesliga;2026-10-10T14:30:00;FCU vs SVE;5;2026-10-03;de.1;12.0;1. FC Union Berlin;1-fc-union-berlin;429524.0;Wing-Runner;3866.7;-1.0;https://maikmitai.com/api/score-history?team=1-fc-union-berlin;2026-10-03T18:11:35+00:00;1-fc-union-berlin;1246.0;14385.0;https://www.ligainsider.de/derrick-koehn_14385/;False
2026-10-03T18:13:48+00:00;https://www.base-xi.de/api/players;10106;Marin Ljubičić;1. FC Union Berlin;FCU;Sturm;27;1730772;-132925;-1028763;-132704;down;4;1;;;3;2;80;0;False;0;False;0;;;;;;2025/26;;2026-10-10T14:30:00;FCU vs SVE;5;2026-10-03;de.1;12.0;1. FC Union Berlin;1-fc-union-berlin;523678.0;Complete Forward;2616.9;10.0;https://maikmitai.com/api/score-history?team=1-fc-union-berlin;2026-10-03T18:11:35+00:00;1-fc-union-berlin;1246.0;36465.0;https://www.ligainsider.de/marin-ljubicic_36465/;False
2026-10-03T18:13:48+00:00;https://www.base-xi.de/api/players;1223;Marvin Friedrich;1. FC Union Berlin;FCU;Abwehr;5;1645172;-204420;-544491;-174420;down;0;0;;;0;0;0;0;False;0;False;0;;173.0;29.0;6.0;1.0;2025/26;Bundesliga;2026-10-10T14:30:00;FCU vs SVE;5;2026-10-03;de.1;12.0;1. FC Union Berlin;1-fc-union-berlin;182157.0;Defensive Centre-Back;4018.0;;https://maikmitai.com/api/score-history?team=1-fc-union-berlin;2026-10-03T18:11:35+00:00;1-fc-union-berlin;1246.0;3296.0;https://www.ligainsider.de/marvin-friedrich_3296/;False
2026-10-03T18:13:48+00:00;https://www.base-xi.de/api/players;9683;Andrej Ilic;1. FC Union Berlin;FCU;Sturm;23;1510927;-58007;-485329;-59317;down;0;0;34.0;;0;0;0;0;False;1;False;0;;2204.0;69.0;32.0;24.0;2025/26;Bundesliga;2026-10-10T14:30:00;FCU vs SVE;5;2026-10-03;de.1;12.0;1. FC Union Berlin;1-fc-union-berlin;472965.0;Target Man;4448.8;;https://maikmitai.com/api/score-history?team=1-fc-union-berlin;2026-10-03T18:11:35+00:00;1-fc-union-berlin;1246.0;37532.0;https://www.ligainsider.de/andrej-ilic_37532/;False
2026-10-03T18:13:48+00:00;https://www.base-xi.de/api/players;3187;András Schäfer;1. FC Union Berlin;FCU;Mittelfeld;13;1470217;-115298;-907797;-114725;down;68;17;24.0;20.1;4;2;56;1345747;False;1;False;0;;1177.0;42.0;28.0;16.0;2025/26;Bundesliga;2026-10-10T14:30:00;FCU vs SVE;5;2026-10-03;de.1;12.0;1. FC Union Berlin;1-fc-union-berlin;457734.0;Box-to-Box Midfielder;4255.5;-3.0;https://maikmitai.com/api/score-history?team=1-fc-union-berlin;2026-10-03T18:11:35+00:00;1-fc-union-berlin;1246.0;27369.0;https://www.ligainsider.de/andras-schaefer_27369/;False
2026-10-03T18:13:48+00:00;https://www.base-xi.de/api/players;1955;Oliver Burke;1. FC Union Berlin;FCU;Sturm;7;1183910;295927;682820;319041;up;0;0;15.0;;0;0;0;0;False;2;False;0;Nach AchKrankessehnenproblemen - trainiert individuell mit dem Ball am Fuß;1410.0;49.0;29.0;21.0;2025/26;Bundesliga;2026-10-10T14:30:00;FCU vs SVE;5;2026-10-03;de.1;12.0;1. FC Union Berlin;1-fc-union-berlin;197937.0;Vertical Forward;3690.1;;https://maikmitai.com/api/score-history?team=1-fc-union-berlin;2026-10-03T18:11:35+00:00;1-fc-union-berlin;1246.0;11325.0;https://www.ligainsider.de/oliver-burke_11325/;False
2026-10-03T18:13:48+00:00;https://www.base-xi.de/api/players;3419;Matheo Raab;1. FC Union Berlin;FCU;Torwart;31;1173931;-137373;-1114426;-137712;down;9;9;;;1;1;102;0;False;0;False;0;;214.0;214.0;1.0;1.0;2025/26;Bundesliga;2026-10-10T14:30:00;FCU vs SVE;5;2026-10-03;de.1;12.0;1. FC Union Berlin;1-fc-union-berlin;229511.0;Sweeper;2477.6;40.5;https://maikmitai.com/api/score-history?team=1-fc-union-berlin;2026-10-03T18:11:35+00:00;1-fc-union-berlin;1246.0;11224.0;https://www.ligainsider.de/matheo-raab_11224/;False
2026-10-03T18:13:48+00:00;https://www.base-xi.de/api/players;3364;Carl Klaus;1. FC Union Berlin;FCU;Torwart;25;500000;0;0;0;right;0;0;;;0;0;0;0;False;0;False;0;;466.0;116.0;4.0;3.0;2025/26;Bundesliga;2026-10-10T14:30:00;FCU vs SVE;5;2026-10-03;de.1;12.0;1. FC Union Berlin;1-fc-union-berlin;212693.0;Sweeper;3689.2;;https://maikmitai.com/api/score-history?team=1-fc-union-berlin;2026-10-03T18:11:35+00:00;1-fc-union-berlin;1246.0;1982.0;https://www.ligainsider.de/carl-klaus_1982/;False
2026-10-03T18:13:48+00:00;https://www.base-xi.de/api/players;17306;Kastriot Imeri;1. FC Union Berlin;FCU;Mittelfeld;30;500000;-24753;-655943;2814;up;0;0;;;0;0;0;0;False;0;False;0;;;;;;2025/26;;2026-10-10T14:30:00;FCU vs SVE;5;2026-10-03;de.1;12.0;1. FC Union Berlin;1-fc-union-berlin;486419.0;Inverted Winger;3560.5;0.3;https://maikmitai.com/api/score-history?team=1-fc-union-berlin;2026-10-03T18:11:35+00:00;1-fc-union-berlin;1246.0;36339.0;https://www.ligainsider.de/kastriot-imeri_36339/;False
2026-10-03T18:13:48+00:00;https://www.base-xi.de/api/players;13629;Linus Güther;1. FC Union Berlin;FCU;Mittelfeld;49;500000;0;0;0;right;0;0;;;0;0;0;0;False;0;False;0;;-31.0;-31.0;1.0;0.0;2025/26;Bundesliga;2026-10-10T14:30:00;FCU vs SVE;5;2026-10-03;de.1;12.0;1. FC Union Berlin;1-fc-union-berlin;696486.0;Inverted Winger;1954.4;1854.4;https://maikmitai.com/api/score-history?team=1-fc-union-berlin;2026-10-03T18:11:35+00:00;1-fc-union-berlin;1246.0;38833.0;https://www.ligainsider.de/linus-guether_38833/;False
2026-10-03T18:13:48+00:00;https://www.base-xi.de/api/players;2717;Robert Skov;1. FC Union Berlin;FCU;Mittelfeld;24;500000;0;0;0;right;-12;-12;;;1;0;12;0;False;0;False;0;;104.0;35.0;3.0;3.0;2025/26;Bundesliga;2026-10-10T14:30:00;FCU vs SVE;5;2026-10-03;de.1;12.0;1. FC Union Berlin;1-fc-union-berlin;162037.0;Wing-Runner;4634.0;-181.3;https://maikmitai.com/api/score-history?team=1-fc-union-berlin;2026-10-03T18:11:35+00:00;1-fc-union-berlin;1246.0;18702.0;https://www.ligainsider.de/robert-skov_18702/;False
2026-10-03T18:13:48+00:00;https://www.base-xi.de/api/players;4352;Stanley Nsoki;1. FC Union Berlin;FCU;Abwehr;34;500000;0;0;0;right;0;0;52.0;;0;0;0;0;False;0;False;2;Muskelverletzung an der Wade - anteiliges Teamtraining, verpasst FCB (A);718.0;55.0;13.0;10.0;2025/26;Bundesliga;2026-10-10T14:30:00;FCU vs SVE;5;2026-10-03;de.1;12.0;1. FC Union Berlin;1-fc-union-berlin;208559.0;Wide Centre-Back;4167.2;;https://maikmitai.com/api/score-history?team=1-fc-union-berlin;2026-10-03T18:11:35+00:00;1-fc-union-berlin;1246.0;18802.0;https://www.ligainsider.de/stanley-nsoki_18802/;False
2026-10-03T18:13:48+00:00;https://www.base-xi.de/api/players;1639;Nadiem Amiri;1. FSV Mainz 05;M05;Mittelfeld;10;28884334;30404;-1004679;33715;up;423;106;130.0;4.2;4;4;93;32449636;False;0;False;0;;3493.0;134.0;26.0;24.0;2025/26;Bundesliga;2026-10-10T14:30:00;M05 vs B04;5;2026-10-03;de.1;7.0;1. FSV Mainz 05;1-fsv-mainz-05;183309.0;10;6444.5;-25.5;https://maikmitai.com/api/score-history?team=1-fsv-mainz-05;2026-10-03T18:11:35+00:00;1-fsv-mainz-05;17.0;5815.0;https://www.ligainsider.de/nadiem-amiri_5815/;True
2026-10-03T18:13:48+00:00;https://www.base-xi.de/api/players;8307;Kaishu Sano;1. FSV Mainz 05;M05;Mittelfeld;6;20101567;14573;130594;19532;up;581;145;114.0;5.7;4;4;96;27817398;False;0;False;0;;2817.0;83.0;34.0;34.0;2025/26;Bundesliga;2026-10-10T14:30:00;M05 vs B04;5;2026-10-03;de.1;7.0;1. FSV Mainz 05;1-fsv-mainz-05;567062.0;Box-to-Box Midfielder;4335.1;5.8;https://maikmitai.com/api/score-history?team=1-fsv-mainz-05;2026-10-03T18:11:35+00:00;1-fsv-mainz-05;17.0;36958.0;https://www.ligainsider.de/kaishu-sano_36958/;True
2026-10-03T18:13:48+00:00;https://www.base-xi.de/api/players;2030;Phillip Tietz;1. FSV Mainz 05;M05;Sturm;9;19642636;133165;1364027;117085;up;661;165;79.0;5.6;4;4;97;13077583;False;0;False;256;Private Gründe - fehlt im Teamtraining;1612.0;56.0;29.0;19.0;2025/26;Bundesliga;2026-10-10T14:30:00;M05 vs B04;5;2026-10-03;de.1;7.0;1. FSV Mainz 05;1-fsv-mainz-05;223844.0;Target Man;4067.5;26.5;https://maikmitai.com/api/score-history?team=1-fsv-mainz-05;2026-10-03T18:11:35+00:00;1-fsv-mainz-05;17.0;7480.0;https://www.ligainsider.de/phillip-tietz_7480/;False
2026-10-03T18:13:48+00:00;https://www.base-xi.de/api/players;2646;Sheraldo Becker;1. FSV Mainz 05;M05;Sturm;23;17540637;68610;994485;55506;up;653;163;86.0;6.0;4;4;73;14254086;False;0;False;0;;1050.0;46.0;23.0;11.0;2025/26;Bundesliga;2026-10-10T14:30:00;M05 vs B04;5;2026-10-03;de.1;7.0;1. FSV Mainz 05;1-fsv-mainz-05;173547.0;Vertical Forward;3608.0;32.1;https://maikmitai.com/api/score-history?team=1-fsv-mainz-05;2026-10-03T18:11:35+00:00;1-fsv-mainz-05;17.0;20640.0;https://www.ligainsider.de/sheraldo-becker_20640/;False
2026-10-03T18:13:48+00:00;https://www.base-xi.de/api/players;2006;Stefan Posch;1. FSV Mainz 05;M05;Abwehr;4;9557807;-455813;-2202369;-425813;down;282;94;92.0;9.6;3;3;96;12939838;False;0;False;0;;1446.0;90.0;16.0;16.0;2025/26;Bundesliga;2026-10-10T14:30:00;M05 vs B04;5;2026-10-03;de.1;7.0;1. FSV Mainz 05;1-fsv-mainz-05;191803.0;Wide Centre-Back;4737.7;-18.0;https://maikmitai.com/api/score-history?team=1-fsv-mainz-05;2026-10-03T18:11:35+00:00;1-fsv-mainz-05;17.0;12798.0;https://www.ligainsider.de/stefan-posch_12798/;True
2026-10-03T18:13:48+00:00;https://www.base-xi.de/api/players;10122;Fabio Gruber;1. FSV Mainz 05;M05;Abwehr;3;9409269;-199100;-3204469;-213620;down;469;117;89.0;9.3;4;4;97;16990975;False;0;False;2;Kniereizung - trainiert weiterhin individuell;3064.0;96.0;32.0;32.0;2025/26;2. Bundesliga;2026-10-10T14:30:00;M05 vs B04;5;2026-10-03;de.1;7.0;1. FSV Mainz 05;1-fsv-mainz-05;515169.0;Ball-Playing Centre-Back;4795.1;-3.8;https://maikmitai.com/api/score-history?team=1-fsv-mainz-05;2026-10-03T18:11:35+00:00;1-fsv-mainz-05;17.0;26579.0;https://www.ligainsider.de/fabio-gruber_26579/;True
2026-10-03T18:13:48+00:00;https://www.base-xi.de/api/players;2232;Philipp Mwene;1. FSV Mainz 05;M05;Abwehr;2;8273532;-160551;-1267009;-130551;down;458;115;59.0;9.9;4;4;92;7513608;False;0;False;0;;1428.0;49.0;29.0;24.0;2025/26;Bundesliga;2026-10-10T14:30:00;M05 vs B04;5;;;;;;;;;;;;;;;;False
2026-10-03T18:13:48+00:00;https://www.base-xi.de/api/players;2895;Paul Nebel;1. FSV Mainz 05;M05;Mittelfeld;8;8157900;196731;1675255;173995;up;0;0;52.0;;0;0;0;0;False;0;False;4;Nach Adduktorenverletzung - fehlt weiterhin im MannschaftZerrunging;2011.0;67.0;30.0;24.0;2025/26;Bundesliga;2026-10-10T14:30:00;M05 vs B04;5;2026-10-03;de.1;7.0;1. FSV Mainz 05;1-fsv-mainz-05;487986.0;Attacking Winger;3977.5;;https://maikmitai.com/api/score-history?team=1-fsv-mainz-05;2026-10-03T18:11:35+00:00;1-fsv-mainz-05;17.0;20674.0;https://www.ligainsider.de/paul-nebel_20674/;False
2026-10-03T18:13:48+00:00;https://www.base-xi.de/api/players;2702;Eric Martel;1. FSV Mainz 05;M05;Mittelfeld;5;8123309;121458;1735449;85742;up;91;91;77.0;9.8;1;0;33;8929441;False;0;False;2;Erkältung - fehlt im Teamtraining;2378.0;77.0;31.0;30.0;2025/26;Bundesliga;2026-10-10T14:30:00;M05 vs B04;5;2026-10-03;de.1;7.0;1. FSV Mainz 05;1-fsv-mainz-05;487868.0;Anchor;4821.7;29.3;https://maikmitai.com/api/score-history?team=1-fsv-mainz-05;2026-10-03T18:11:35+00:00;1-fsv-mainz-05;17.0;20728.0;https://www.ligainsider.de/eric-martel_20728/;True
2026-10-03T18:13:48+00:00;https://www.base-xi.de/api/players;3470;Anthony Caci;1. FSV Mainz 05;M05;Abwehr;19;7525578;126537;-670923;132078;up;337;84;73.0;9.2;4;4;72;8679680;True;0;False;2;Nach Schlag auf die Nase - dreht individuelle Laufrunden;535.0;54.0;10.0;6.0;2025/26;Bundesliga;2026-10-10T14:30:00;M05 vs B04;5;2026-10-03;de.1;7.0;1. FSV Mainz 05;1-fsv-mainz-05;232240.0;Wing-Runner;4791.3;-13.8;https://maikmitai.com/api/score-history?team=1-fsv-mainz-05;2026-10-03T18:11:35+00:00;1-fsv-mainz-05;17.0;26102.0;https://www.ligainsider.de/anthony-caci_26102/;True
2026-10-03T18:13:48+00:00;https://www.base-xi.de/api/players;2476;Jae-Sung Lee;1. FSV Mainz 05;M05;Mittelfeld;7;7319683;-140236;-1725273;-110236;down;360;90;70.0;10.6;4;4;68;10269240;False;0;False;0;;1824.0;65.0;28.0;26.0;2025/26;Bundesliga;2026-10-10T14:30:00;M05 vs B04;5;2026-10-03;de.1;7.0;1. FSV Mainz 05;1-fsv-mainz-05;205308.0;Wing-Runner;3917.4;3.7;https://maikmitai.com/api/score-history?team=1-fsv-mainz-05;2026-10-03T18:11:35+00:00;1-fsv-mainz-05;17.0;21202.0;https://www.ligainsider.de/jaesung-lee_21202/;True
2026-10-03T18:13:48+00:00;https://www.base-xi.de/api/players;1590;Robin Zentner;1. FSV Mainz 05;M05;Torwart;27;7257142;97964;-281128;91173;up;144;72;75.0;10.0;2;2;96;6709755;True;0;False;1;Handverletzung - Hoffnung auf Rückkehr gegen B04 (H);728.0;73.0;10.0;10.0;2025/26;Bundesliga;2026-10-10T14:30:00;M05 vs B04;5;2026-10-03;de.1;7.0;1. FSV Mainz 05;1-fsv-mainz-05;192079.0;Sweeper;4562.9;-8.9;https://maikmitai.com/api/score-history?team=1-fsv-mainz-05;2026-10-03T18:11:35+00:00;1-fsv-mainz-05;17.0;3298.0;https://www.ligainsider.de/robin-zentner_3298/;True
2026-10-03T18:13:48+00:00;https://www.base-xi.de/api/players;13438;Otto Ruoppi;1. FSV Mainz 05;M05;Mittelfeld;20;6156866;77060;1603076;44119;up;85;28;;;3;0;13;0;False;0;False;2;;;;;;2025/26;;2026-10-10T14:30:00;M05 vs B04;5;2026-10-03;de.1;7.0;1. FSV Mainz 05;1-fsv-mainz-05;573117.0;Attacking Winger;2477.2;-11.4;https://maikmitai.com/api/score-history?team=1-fsv-mainz-05;2026-10-03T18:11:35+00:00;1-fsv-mainz-05;17.0;38812.0;https://www.ligainsider.de/otto-ruoppi_38812/;False
2026-10-03T18:13:48+00:00;https://www.base-xi.de/api/players;11665;Kacper Potulski;1. FSV Mainz 05;M05;Abwehr;48;6155011;-219133;-2260467;-197540;down;244;61;68.0;11.5;4;3;77;8178495;False;0;False;0;;1206.0;80.0;15.0;9.0;2025/26;Bundesliga;2026-10-10T14:30:00;M05 vs B04;5;2026-10-03;de.1;7.0;1. FSV Mainz 05;1-fsv-mainz-05;627675.0;Wide Centre-Back;3595.5;46.6;https://maikmitai.com/api/score-history?team=1-fsv-mainz-05;2026-10-03T18:11:35+00:00;1-fsv-mainz-05;17.0;38608.0;https://www.ligainsider.de/kacper-potulski_38608/;True
2026-10-03T18:13:48+00:00;https://www.base-xi.de/api/players;6111;Benedict Hollerbach;1. FSV Mainz 05;M05;Sturm;17;6099503;223497;2185170;206247;up;7;7;13.0;5.0;1;0;19;500000;False;0;False;0;;500.0;36.0;14.0;13.0;2025/26;Bundesliga;2026-10-10T14:30:00;M05 vs B04;5;2026-10-03;de.1;7.0;1. FSV Mainz 05;1-fsv-mainz-05;465993.0;Mobile Playmaker;4322.0;3.2;https://maikmitai.com/api/score-history?team=1-fsv-mainz-05;2026-10-03T18:11:35+00:00;1-fsv-mainz-05;17.0;24960.0;https://www.ligainsider.de/benedict-hollerbach_24960/;False
2026-10-03T18:13:48+00:00;https://www.base-xi.de/api/players;3318;Ransford Königsdörffer;1. FSV Mainz 05;M05;Sturm;11;5917661;-349184;-2505185;-328218;down;198;50;32.0;8.0;4;0;31;2465253;False;0;False;0;;1498.0;45.0;33.0;29.0;2025/26;Bundesliga;2026-10-10T14:30:00;M05 vs B04;5;2026-10-03;de.1;7.0;1. FSV Mainz 05;1-fsv-mainz-05;477539.0;Complete Forward;3992.2;-17.7;https://maikmitai.com/api/score-history?team=1-fsv-mainz-05;2026-10-03T18:11:35+00:00;;;;;False
2026-10-03T18:13:48+00:00;https://www.base-xi.de/api/players;550;Stefan Bell;1. FSV Mainz 05;M05;Abwehr;16;5729024;87065;1583650;57065;up;0;0;48.0;;0;0;0;0;False;0;False;0;;1313.0;73.0;18.0;13.0;2025/26;Bundesliga;2026-10-10T14:30:00;M05 vs B04;5;2026-10-03;de.1;7.0;1. FSV Mainz 05;1-fsv-mainz-05;80941.0;Defensive Centre-Back;4301.9;;https://maikmitai.com/api/score-history?team=1-fsv-mainz-05;2026-10-03T18:11:35+00:00;1-fsv-mainz-05;17.0;521.0;https://www.ligainsider.de/stefan-bell_521/;False
2026-10-03T18:13:48+00:00;https://www.base-xi.de/api/players;620;Alexander Schwolow;1. FSV Mainz 05;M05;Torwart;1;5009879;-283607;-2760967;-265356;down;253;127;;;2;2;98;0;False;0;False;0;;;;;;2025/26;;2026-10-10T14:30:00;M05 vs B04;5;2026-10-03;de.1;7.0;1. FSV Mainz 05;1-fsv-mainz-05;94196.0;Sweeper;4186.8;-12.2;https://maikmitai.com/api/score-history?team=1-fsv-mainz-05;2026-10-03T18:11:35+00:00;1-fsv-mainz-05;17.0;1781.0;https://www.ligainsider.de/alexander-schwolow_1781/;True
2026-10-03T18:13:48+00:00;https://www.base-xi.de/api/players;1540;Danny Da Costa;1. FSV Mainz 05;M05;Abwehr;21;4699077;-23022;-1168581;-6137;down;342;86;78.0;16.9;4;1;43;13534082;True;0;False;0;;2498.0;73.0;34.0;30.0;2025/26;Bundesliga;2026-10-10T14:30:00;M05 vs B04;5;2026-10-03;de.1;7.0;1. FSV Mainz 05;1-fsv-mainz-05;92295.0;Inverted Full-Back;4416.3;6.1;https://maikmitai.com/api/score-history?team=1-fsv-mainz-05;2026-10-03T18:11:35+00:00;1-fsv-mainz-05;17.0;650.0;https://www.ligainsider.de/danny-da-costa_650/;True
2026-10-03T18:13:48+00:00;https://www.base-xi.de/api/players;2822;Silas;1. FSV Mainz 05;M05;Sturm;26;3734962;-305711;335596;-370425;down;0;0;18.0;;0;0;0;0;False;0;False;4;Nach Schien- und Wadenbeinbruch - soll Mitte Oktober ins Training einsteigen ;241.0;30.0;8.0;4.0;2025/26;Bundesliga;2026-10-10T14:30:00;M05 vs B04;5;2026-10-03;de.1;7.0;1. FSV Mainz 05;1-fsv-mainz-05;464104.0;Inverted Winger;4049.3;;https://maikmitai.com/api/score-history?team=1-fsv-mainz-05;2026-10-03T18:11:35+00:00;1-fsv-mainz-05;17.0;21594.0;https://www.ligainsider.de/silas_21594/;False
2026-10-03T18:13:48+00:00;https://www.base-xi.de/api/players;60;Dominik Kohr;1. FSV Mainz 05;M05;Abwehr;31;1810227;-133402;-996384;-189362;down;96;96;80.0;42.0;1;1;80;9278727;False;1;False;1;Syndesmosebandverletzung am Knöchel - fällt wohl bis 2027 aus;2070.0;71.0;29.0;28.0;2025/26;Bundesliga;2026-10-10T14:30:00;M05 vs B04;5;2026-10-03;de.1;7.0;1. FSV Mainz 05;1-fsv-mainz-05;114549.0;Wide Centre-Back;4048.6;0.1;https://maikmitai.com/api/score-history?team=1-fsv-mainz-05;2026-10-03T18:11:35+00:00;1-fsv-mainz-05;17.0;1821.0;https://www.ligainsider.de/dominik-kohr_1821/;False
2026-10-03T18:13:48+00:00;https://www.base-xi.de/api/players;2399;Lennard Maloney;1. FSV Mainz 05;M05;Mittelfeld;15;500000;0;0;0;right;42;21;18.0;35.3;2;0;6;551295;False;0;False;0;;339.0;16.0;21.0;4.0;2025/26;Bundesliga;2026-10-10T14:30:00;M05 vs B04;5;2026-10-03;de.1;7.0;1. FSV Mainz 05;1-fsv-mainz-05;433156.0;Ball-Winning Pivot-Player;2887.3;-1.0;https://maikmitai.com/api/score-history?team=1-fsv-mainz-05;2026-10-03T18:11:35+00:00;1-fsv-mainz-05;17.0;15833.0;https://www.ligainsider.de/lennard-maloney_15833/;False
2026-10-03T18:13:48+00:00;https://www.base-xi.de/api/players;11666;Maximilian Kinzig;1. FSV Mainz 05;M05;Torwart;40;500000;0;0;0;right;0;0;;;0;0;0;0;False;0;False;0;;;;;;2025/26;;2026-10-10T14:30:00;M05 vs B04;5;2026-10-03;de.1;7.0;1. FSV Mainz 05;1-fsv-mainz-05;546246.0;Sweeper;2299.4;;https://maikmitai.com/api/score-history?team=1-fsv-mainz-05;2026-10-03T18:11:35+00:00;1-fsv-mainz-05;17.0;34997.0;https://www.ligainsider.de/maximilian-kinzig_34997/;False
2026-10-03T18:13:48+00:00;https://www.base-xi.de/api/players;17179;Rael-Tshimbela Nakuzola;1. FSV Mainz 05;M05;Abwehr;47;500000;0;0;0;right;54;27;;;2;0;12;0;False;0;False;0;;;;;;2025/26;;2026-10-10T14:30:00;M05 vs B04;5;;;;;;;;;;;;;;;;False
2026-10-03T18:13:48+00:00;https://www.base-xi.de/api/players;3041;Silvan Widmer;1. FSV Mainz 05;M05;Abwehr;30;500000;0;-8783;0;right;29;29;41.0;98.0;1;0;22;2517534;False;0;False;4;Patellasehnenverletzung am Knie - fällt mehrere Wochen aus;1463.0;54.0;27.0;22.0;2025/26;Bundesliga;2026-10-10T14:30:00;M05 vs B04;5;2026-10-03;de.1;7.0;1. FSV Mainz 05;1-fsv-mainz-05;120781.0;Wing-Back;3782.5;-116.4;https://maikmitai.com/api/score-history?team=1-fsv-mainz-05;2026-10-03T18:11:35+00:00;1-fsv-mainz-05;17.0;1938.0;https://www.ligainsider.de/silvan-widmer_1938/;False
2026-10-03T18:13:48+00:00;https://www.base-xi.de/api/players;11261;Sota Kawasaki;1. FSV Mainz 05;M05;Mittelfeld;24;500000;0;0;0;right;0;0;14.0;;0;0;0;0;False;0;False;0;;146.0;15.0;10.0;3.0;2025/26;Bundesliga;2026-10-10T14:30:00;M05 vs B04;5;2026-10-03;de.1;7.0;1. FSV Mainz 05;1-fsv-mainz-05;565518.0;Wing-Back;3148.0;;https://maikmitai.com/api/score-history?team=1-fsv-mainz-05;2026-10-03T18:11:35+00:00;1-fsv-mainz-05;17.0;38606.0;https://www.ligainsider.de/sota-kawasaki_38606/;False
2026-10-03T18:13:48+00:00;https://www.base-xi.de/api/players;4199;Aleix García;Bayer 04 Leverkusen;B04;Mittelfeld;24;37824012;11900;87793;12484;up;617;154;135.0;3.9;4;4;96;37910179;False;0;False;0;;4684.0;142.0;33.0;31.0;2025/26;Bundesliga;2026-10-10T14:30:00;M05 vs B04;5;2026-10-03;de.1;2.0;Bayer 04 Leverkusen;bayer-04-leverkusen;178871.0;Pressing Midfielder;6030.5;-14.4;https://maikmitai.com/api/score-history?team=bayer-04-leverkusen;2026-10-03T18:11:35+00:00;bayer-04-leverkusen;4.0;7138.0;https://www.ligainsider.de/aleix-garcia_7138/;True
2026-10-03T18:13:48+00:00;https://www.base-xi.de/api/players;6061;Ibrahim Maza;Bayer 04 Leverkusen;B04;Mittelfeld;30;30663906;50428;445527;45832;up;691;173;110.0;4.4;4;4;96;24221345;False;0;False;0;;2743.0;98.0;28.0;20.0;2025/26;Bundesliga;2026-10-10T14:30:00;M05 vs B04;5;2026-10-03;de.1;2.0;Bayer 04 Leverkusen;bayer-04-leverkusen;570052.0;Deep-Lying Forward;4753.3;9.9;https://maikmitai.com/api/score-history?team=bayer-04-leverkusen;2026-10-03T18:11:35+00:00;bayer-04-leverkusen;4.0;35905.0;https://www.ligainsider.de/ibrahim-maza_35905/;True
2026-10-03T18:13:48+00:00;https://www.base-xi.de/api/players;2746;Patrik Schick;Bayer 04 Leverkusen;B04;Sturm;14;29424402;31267;247541;29695;up;665;166;120.0;4.6;4;3;69;28571879;False;0;False;0;;2889.0;103.0;28.0;23.0;2025/26;Bundesliga;2026-10-10T14:30:00;M05 vs B04;5;2026-10-03;de.1;2.0;Bayer 04 Leverkusen;bayer-04-leverkusen;196680.0;Advanced Forward;4804.4;5.2;https://maikmitai.com/api/score-history?team=bayer-04-leverkusen;2026-10-03T18:11:35+00:00;bayer-04-leverkusen;4.0;7794.0;https://www.ligainsider.de/patrik-schick_7794/;True
2026-10-03T18:13:48+00:00;https://www.base-xi.de/api/players;2783;Edmond Tapsoba;Bayer 04 Leverkusen;B04;Abwehr;12;25859617;23321;181099;23472;up;408;102;122.0;4.6;4;4;96;29842238;False;0;False;0;;3941.0;136.0;29.0;29.0;2025/26;Bundesliga;2026-10-10T14:30:00;M05 vs B04;5;2026-10-03;de.1;2.0;Bayer 04 Leverkusen;bayer-04-leverkusen;424969.0;Ball-Playing Centre-Back;5091.8;-4.2;https://maikmitai.com/api/score-history?team=bayer-04-leverkusen;2026-10-03T18:11:35+00:00;bayer-04-leverkusen;4.0;19022.0;https://www.ligainsider.de/edmond-tapsoba_19022/;True
2026-10-03T18:13:48+00:00;https://www.base-xi.de/api/players;3759;Miguel Gutiérrez;Bayer 04 Leverkusen;B04;Abwehr;3;25480491;68613;753356;64516;up;801;200;;;4;4;94;0;False;0;False;0;;0.0;;0.0;0.0;2025/26;;2026-10-10T14:30:00;M05 vs B04;5;2026-10-03;de.1;2.0;Bayer 04 Leverkusen;bayer-04-leverkusen;248498.0;Drifting Midfielder;4462.2;43.4;https://maikmitai.com/api/score-history?team=bayer-04-leverkusen;2026-10-03T18:11:35+00:00;bayer-04-leverkusen;4.0;24219.0;https://www.ligainsider.de/miguel-gutierrez_24219/;True
2026-10-03T18:13:48+00:00;https://www.base-xi.de/api/players;2661;Moussa Diaby;Bayer 04 Leverkusen;B04;Sturm;19;22685421;37651;769357;25660;up;252;84;;;3;2;72;0;False;0;False;0;;;;;;2025/26;;2026-10-10T14:30:00;M05 vs B04;5;2026-10-03;de.1;2.0;Bayer 04 Leverkusen;bayer-04-leverkusen;243557.0;Attacking Winger;3606.7;5.5;https://maikmitai.com/api/score-history?team=bayer-04-leverkusen;2026-10-03T18:11:35+00:00;bayer-04-leverkusen;4.0;20616.0;https://www.ligainsider.de/moussa-diaby_20616/;True
2026-10-03T18:13:48+00:00;https://www.base-xi.de/api/players;15199;Afonso Moreira;Bayer 04 Leverkusen;B04;Sturm;9;15351093;95851;-1071986;112402;up;296;74;;;4;4;88;0;True;0;False;0;;;;;;2025/26;;2026-10-10T14:30:00;M05 vs B04;5;2026-10-03;de.1;2.0;Bayer 04 Leverkusen;bayer-04-leverkusen;551191.0;Attacking Winger;4651.7;-96.4;https://maikmitai.com/api/score-history?team=bayer-04-leverkusen;2026-10-03T18:11:35+00:00;bayer-04-leverkusen;4.0;36841.0;https://www.ligainsider.de/afonso-moreira_36841/;True
2026-10-03T18:13:48+00:00;https://www.base-xi.de/api/players;11956;Ezequiél Fernández;Bayer 04 Leverkusen;B04;Mittelfeld;6;14933234;107789;1220094;88080;up;490;123;84.0;6.1;4;4;70;13100250;False;0;False;0;;1168.0;58.0;20.0;12.0;2025/26;Bundesliga;2026-10-10T14:30:00;M05 vs B04;5;;;;;;;;;;;;;;;;False
2026-10-03T18:13:48+00:00;https://www.base-xi.de/api/players;7963;Jarell Quansah;Bayer 04 Leverkusen;B04;Abwehr;4;14296970;51229;-1569373;72933;up;400;100;88.0;7.1;4;3;74;15856863;True;0;False;0;;2867.0;102.0;28.0;25.0;2025/26;Bundesliga;2026-10-10T14:30:00;M05 vs B04;5;2026-10-03;de.1;2.0;Bayer 04 Leverkusen;bayer-04-leverkusen;441428.0;Wide Centre-Back;5059.7;-8.1;https://maikmitai.com/api/score-history?team=bayer-04-leverkusen;2026-10-03T18:11:35+00:00;bayer-04-leverkusen;4.0;36489.0;https://www.ligainsider.de/jarell-quansah_36489/;True
2026-10-03T18:13:48+00:00;https://www.base-xi.de/api/players;14241;Facundo Medina;Bayer 04 Leverkusen;B04;Abwehr;2;14126436;36828;624490;28494;up;441;110;;;4;3;74;0;False;0;False;0;;;;;;2025/26;;2026-10-10T14:30:00;M05 vs B04;5;2026-10-03;de.1;2.0;Bayer 04 Leverkusen;bayer-04-leverkusen;224868.0;Wide Centre-Back;5003.8;18.1;https://maikmitai.com/api/score-history?team=bayer-04-leverkusen;2026-10-03T18:11:35+00:00;bayer-04-leverkusen;4.0;36418.0;https://www.ligainsider.de/facundo-medina_36418/;True
2026-10-03T18:13:48+00:00;https://www.base-xi.de/api/players;72;Mark Flekken;Bayer 04 Leverkusen;B04;Torwart;1;11690754;-142081;-415320;-148152;down;379;95;91.0;8.0;4;4;96;16074496;False;0;False;0;;2230.0;93.0;24.0;24.0;2025/26;Bundesliga;2026-10-10T14:30:00;M05 vs B04;5;2026-10-03;de.1;2.0;Bayer 04 Leverkusen;bayer-04-leverkusen;118342.0;Classic Goalkeeper;4437.3;9.2;https://maikmitai.com/api/score-history?team=bayer-04-leverkusen;2026-10-03T18:11:35+00:00;bayer-04-leverkusen;4.0;4530.0;https://www.ligainsider.de/mark-flekken_4530/;True
2026-10-03T18:13:48+00:00;https://www.base-xi.de/api/players;11513;Christian Kofane;Bayer 04 Leverkusen;B04;Sturm;35;6946679;-291987;-2217600;-346766;down;311;78;56.0;9.8;4;1;37;6804897;False;0;False;2;Leichte Oberschenkelprobleme - blieb gegen die Komoren in der Halbzeit in der Kabine;1677.0;58.0;29.0;12.0;2025/26;Bundesliga;2026-10-10T14:30:00;M05 vs B04;5;2026-10-03;de.1;2.0;Bayer 04 Leverkusen;bayer-04-leverkusen;683068.0;Advanced Forward;3875.2;-11.1;https://maikmitai.com/api/score-history?team=bayer-04-leverkusen;2026-10-03T18:11:35+00:00;bayer-04-leverkusen;4.0;38550.0;https://www.ligainsider.de/christian-kofane_38550/;False
2026-10-03T18:13:48+00:00;https://www.base-xi.de/api/players;2846;Malik Tillman;Bayer 04 Leverkusen;B04;Mittelfeld;10;5949483;-261658;-1981215;-260093;down;230;77;73.0;13.4;3;2;51;10103690;False;1;False;0;;2380.0;82.0;29.0;18.0;2025/26;Bundesliga;2026-10-10T14:30:00;M05 vs B04;5;2026-10-03;de.1;2.0;Bayer 04 Leverkusen;bayer-04-leverkusen;466006.0;10;4524.4;3.2;https://maikmitai.com/api/score-history?team=bayer-04-leverkusen;2026-10-03T18:11:35+00:00;bayer-04-leverkusen;4.0;23862.0;https://www.ligainsider.de/malik-tillman_23862/;False
2026-10-03T18:13:48+00:00;https://www.base-xi.de/api/players;11756;Montrell Culbreath;Bayer 04 Leverkusen;B04;Mittelfeld;42;5282959;303120;2273904;281278;up;0;0;75.0;;0;0;0;0;False;0;False;4;Nach Fußverletzung - trainiert weiterhin individuell, Rückkehr ins TT in LSP geplant;737.0;61.0;12.0;9.0;2025/26;Bundesliga;2026-10-10T14:30:00;M05 vs B04;5;2026-10-03;de.1;2.0;Bayer 04 Leverkusen;bayer-04-leverkusen;648252.0;Wing-Runner;2829.6;23.6;https://maikmitai.com/api/score-history?team=bayer-04-leverkusen;2026-10-03T18:11:35+00:00;bayer-04-leverkusen;4.0;37258.0;https://www.ligainsider.de/montrell-culbreath_37258/;False
2026-10-03T18:13:48+00:00;https://www.base-xi.de/api/players;7269;Nathan Tella;Bayer 04 Leverkusen;B04;Mittelfeld;23;4822434;332889;1851876;330882;up;0;0;40.0;;0;0;0;0;False;0;False;0;;1149.0;68.0;17.0;10.0;2025/26;Bundesliga;2026-10-10T14:30:00;M05 vs B04;5;2026-10-03;de.1;2.0;Bayer 04 Leverkusen;bayer-04-leverkusen;203389.0;Attacking Winger;3958.0;;https://maikmitai.com/api/score-history?team=bayer-04-leverkusen;2026-10-03T18:11:35+00:00;bayer-04-leverkusen;4.0;36300.0;https://www.ligainsider.de/nathan-tella_36300/;False
2026-10-03T18:13:48+00:00;https://www.base-xi.de/api/players;13888;Guéla Doué;Bayer 04 Leverkusen;B04;Abwehr;20;4674844;-129524;-2555636;-171021;down;40;40;;;1;0;33;0;False;0;False;1;Muskelverletzung Wade - fällt mehrere Wochen aus ;;;;;2025/26;;2026-10-10T14:30:00;M05 vs B04;5;2026-10-03;de.1;2.0;Bayer 04 Leverkusen;bayer-04-leverkusen;503720.0;Defensive Full-Back;5599.8;2.3;https://maikmitai.com/api/score-history?team=bayer-04-leverkusen;2026-10-03T18:11:35+00:00;bayer-04-leverkusen;4.0;35433.0;https://www.ligainsider.de/guela-doue_35433/;False
2026-10-03T18:13:48+00:00;https://www.base-xi.de/api/players;663;Robert Andrich;Bayer 04 Leverkusen;B04;Abwehr;8;4300794;228850;1045206;237286;up;59;30;50.0;15.0;2;0;22;4561981;False;2;False;0;;2610.0;82.0;32.0;29.0;2025/26;Bundesliga;2026-10-10T14:30:00;M05 vs B04;5;2026-10-03;de.1;2.0;Bayer 04 Leverkusen;bayer-04-leverkusen;147488.0;Ball-Winning Pivot-Player;3748.6;-2.2;https://maikmitai.com/api/score-history?team=bayer-04-leverkusen;2026-10-03T18:11:35+00:00;bayer-04-leverkusen;4.0;2590.0;https://www.ligainsider.de/robert-andrich_2590/;False
2026-10-03T18:13:48+00:00;https://www.base-xi.de/api/players;8374;Martin Terrier;Bayer 04 Leverkusen;B04;Sturm;11;4010914;-164118;-2107458;-134118;down;21;21;25.0;11.8;1;0;20;824632;False;0;False;0;;963.0;54.0;18.0;7.0;2025/26;Bundesliga;2026-10-10T14:30:00;M05 vs B04;5;2026-10-03;de.1;2.0;Bayer 04 Leverkusen;bayer-04-leverkusen;232176.0;Pressing Forward;3894.3;-342.9;https://maikmitai.com/api/score-history?team=bayer-04-leverkusen;2026-10-03T18:11:35+00:00;bayer-04-leverkusen;4.0;21876.0;https://www.ligainsider.de/martin-terrier_21876/;False
2026-10-03T18:13:48+00:00;https://www.base-xi.de/api/players;4563;Loïc Badé;Bayer 04 Leverkusen;B04;Abwehr;5;3473189;-118756;-909648;-118972;down;70;35;76.0;21.6;2;1;39;8783765;False;1;False;0;;2192.0;95.0;23.0;19.0;2025/26;Bundesliga;2026-10-10T14:30:00;M05 vs B04;5;2026-10-03;de.1;2.0;Bayer 04 Leverkusen;bayer-04-leverkusen;500267.0;Ball-Playing Centre-Back;5383.9;0.3;https://maikmitai.com/api/score-history?team=bayer-04-leverkusen;2026-10-03T18:11:35+00:00;bayer-04-leverkusen;4.0;35823.0;https://www.ligainsider.de/loic-bade_35823/;False
2026-10-03T18:13:48+00:00;https://www.base-xi.de/api/players;11957;Eliesse Ben Seghir;Bayer 04 Leverkusen;B04;Mittelfeld;29;2903945;-124913;-933277;-124434;down;0;0;40.0;;0;0;0;0;False;1;False;0;;354.0;35.0;10.0;2.0;2025/26;Bundesliga;2026-10-10T14:30:00;M05 vs B04;5;2026-10-03;de.1;2.0;Bayer 04 Leverkusen;bayer-04-leverkusen;588606.0;Mobile Playmaker;4943.7;;https://maikmitai.com/api/score-history?team=bayer-04-leverkusen;2026-10-03T18:11:35+00:00;bayer-04-leverkusen;4.0;35709.0;https://www.ligainsider.de/eliesse-ben-seghir_35709/;False
2026-10-03T18:13:48+00:00;https://www.base-xi.de/api/players;3754;Lucas Vázquez;Bayer 04 Leverkusen;B04;Abwehr;17;2486676;-122707;-932176;-122394;down;57;14;30.0;16.7;4;1;20;1654530;False;1;False;0;;824.0;69.0;12.0;6.0;2025/26;Bundesliga;2026-10-10T14:30:00;M05 vs B04;5;2026-10-03;de.1;2.0;Bayer 04 Leverkusen;bayer-04-leverkusen;107593.0;Wing-Back;4329.5;-8.2;https://maikmitai.com/api/score-history?team=bayer-04-leverkusen;2026-10-03T18:11:35+00:00;bayer-04-leverkusen;4.0;7631.0;https://www.ligainsider.de/lucas-vazquez_7631/;False
2026-10-03T18:13:48+00:00;https://www.base-xi.de/api/players;78;Jonas Hofmann;Bayer 04 Leverkusen;B04;Mittelfeld;7;2064468;-121705;-913734;-121032;down;43;43;40.0;26.6;1;0;31;2229106;False;1;False;0;;1338.0;58.0;23.0;11.0;2025/26;Bundesliga;2026-10-10T14:30:00;M05 vs B04;5;2026-10-03;de.1;2.0;Bayer 04 Leverkusen;bayer-04-leverkusen;118876.0;Drifting Midfielder;3531.8;0.4;https://maikmitai.com/api/score-history?team=bayer-04-leverkusen;2026-10-03T18:11:35+00:00;bayer-04-leverkusen;4.0;2362.0;https://www.ligainsider.de/jonas-hofmann_2362/;False
2026-10-03T18:13:48+00:00;https://www.base-xi.de/api/players;6745;Victor Boniface;Bayer 04 Leverkusen;B04;Sturm;22;1550442;-107894;-905822;-104164;down;43;43;37.0;27.7;1;0;11;1493153;False;1;False;0;;468.0;43.0;11.0;2.0;2025/26;Bundesliga;2026-10-10T14:30:00;M05 vs B04;5;2026-10-03;de.1;2.0;Bayer 04 Leverkusen;bayer-04-leverkusen;479052.0;Raumdeuter;5258.4;-127.5;https://maikmitai.com/api/score-history?team=bayer-04-leverkusen;2026-10-03T18:11:35+00:00;bayer-04-leverkusen;4.0;35360.0;https://www.ligainsider.de/victor-boniface_35360/;False
2026-10-03T18:13:48+00:00;https://www.base-xi.de/api/players;4;Janis Blaswich;Bayer 04 Leverkusen;B04;Torwart;28;500000;0;0;0;right;0;0;116.0;;0;0;0;0;False;0;False;0;;1222.0;111.0;11.0;10.0;2025/26;Bundesliga;2026-10-10T14:30:00;M05 vs B04;5;2026-10-03;de.1;2.0;Bayer 04 Leverkusen;bayer-04-leverkusen;100891.0;Classic Goalkeeper;4647.3;;https://maikmitai.com/api/score-history?team=bayer-04-leverkusen;2026-10-03T18:11:35+00:00;bayer-04-leverkusen;4.0;1685.0;https://www.ligainsider.de/janis-blaswich_1685/;False
2026-10-03T18:13:48+00:00;https://www.base-xi.de/api/players;11680;Kennet Eichhorn;Bayer 04 Leverkusen;B04;Mittelfeld;18;500000;0;-466777;0;right;0;0;30.0;;0;0;0;0;False;0;False;1;Stoffwechselerkrankung - fällt vorerst aus;832.0;49.0;17.0;14.0;2025/26;2. Bundesliga;2026-10-10T14:30:00;M05 vs B04;5;2026-10-03;de.1;2.0;Bayer 04 Leverkusen;bayer-04-leverkusen;657166.0;Ball-Winning Pivot-Player;3191.6;;https://maikmitai.com/api/score-history?team=bayer-04-leverkusen;2026-10-03T18:11:35+00:00;bayer-04-leverkusen;4.0;38775.0;https://www.ligainsider.de/kennet-eichhorn_38775/;False
2026-10-03T18:13:48+00:00;https://www.base-xi.de/api/players;4318;Tim Oermann;Bayer 04 Leverkusen;B04;Abwehr;15;500000;0;0;0;right;0;0;;;0;0;0;0;False;0;False;0;;3.0;2.0;2.0;0.0;2025/26;Bundesliga;2026-10-10T14:30:00;M05 vs B04;5;2026-10-03;de.1;2.0;Bayer 04 Leverkusen;bayer-04-leverkusen;587477.0;Wide Centre-Back;3513.4;;https://maikmitai.com/api/score-history?team=bayer-04-leverkusen;2026-10-03T18:11:35+00:00;bayer-04-leverkusen;4.0;26552.0;https://www.ligainsider.de/tim-oermann_26552/;False
2026-10-03T18:13:48+00:00;https://www.base-xi.de/api/players;1704;Waldemar Anton;Borussia Dortmund;BVB;Abwehr;3;34313652;20677;169134;19072;up;709;177;136.0;4.4;4;4;96;38003177;False;0;False;0;;4034.0;126.0;32.0;32.0;2025/26;Bundesliga;2026-10-09T19:30:00;BVB vs SVW;5;2026-10-03;de.1;3.0;Borussia Dortmund;borussia-dortmund;212509.0;Deep-Lying Playmaker;5567.0;135.1;https://maikmitai.com/api/score-history?team=borussia-dortmund;2026-10-03T18:11:35+00:00;borussia-dortmund;14.0;5837.0;https://www.ligainsider.de/waldemar-anton_5837/;True
2026-10-03T18:13:48+00:00;https://www.base-xi.de/api/players;1920;Serhou Guirassy;Borussia Dortmund;BVB;Sturm;9;32759746;34866;287401;37368;up;644;161;125.0;4.0;4;4;89;32756822;False;0;False;0;;3356.0;102.0;33.0;27.0;2025/26;Bundesliga;2026-10-09T19:30:00;BVB vs SVW;5;2026-10-03;de.1;3.0;Borussia Dortmund;borussia-dortmund;162275.0;Target Man;4931.4;-86.2;https://maikmitai.com/api/score-history?team=borussia-dortmund;2026-10-03T18:11:35+00:00;borussia-dortmund;14.0;10454.0;https://www.ligainsider.de/serhou-guirassy_10454/;False
2026-10-03T18:13:48+00:00;https://www.base-xi.de/api/players;2383;Nico Schlotterbeck;Borussia Dortmund;BVB;Abwehr;4;27585234;28555;687635;12716;up;285;143;141.0;5.3;2;2;87;30761198;False;0;False;2;Sprunggelenksprobleme - muss vorzeitig vom Nationalteam abreisen;4142.0;148.0;28.0;28.0;2025/26;Bundesliga;2026-10-09T19:30:00;BVB vs SVW;5;2026-10-03;de.1;3.0;Borussia Dortmund;borussia-dortmund;470836.0;Wide Centre-Back;6552.1;;https://maikmitai.com/api/score-history?team=borussia-dortmund;2026-10-03T18:11:35+00:00;borussia-dortmund;14.0;20052.0;https://www.ligainsider.de/nico-schlotterbeck_20052/;True
2026-10-03T18:13:48+00:00;https://www.base-xi.de/api/players;3069;Felix Nmecha;Borussia Dortmund;BVB;Mittelfeld;8;27110888;104551;796606;99322;up;616;154;117.0;4.6;4;3;62;27563134;False;0;False;0;;2730.0;94.0;29.0;25.0;2025/26;Bundesliga;2026-10-09T19:30:00;BVB vs SVW;5;2026-10-03;de.1;3.0;Borussia Dortmund;borussia-dortmund;219265.0;High Playmaking Midfielder;4311.5;-8.7;https://maikmitai.com/api/score-history?team=borussia-dortmund;2026-10-03T18:11:35+00:00;borussia-dortmund;14.0;25090.0;https://www.ligainsider.de/felix-nmecha_25090/;True
2026-10-03T18:13:48+00:00;https://www.base-xi.de/api/players;16378;Konstantinos Karetsas;Borussia Dortmund;BVB;Mittelfeld;19;25563265;127067;1234883;120404;up;308;103;;;3;2;57;0;False;0;False;0;;;;;;2025/26;;2026-10-09T19:30:00;BVB vs SVW;5;2026-10-03;de.1;3.0;Borussia Dortmund;borussia-dortmund;609068.0;Raumdeuter;4144.4;2.7;https://maikmitai.com/api/score-history?team=borussia-dortmund;2026-10-03T18:11:35+00:00;borussia-dortmund;14.0;38406.0;https://www.ligainsider.de/konstantinos-karetsas_38406/;False
2026-10-03T18:13:48+00:00;https://www.base-xi.de/api/players;15211;Joane Gadou;Borussia Dortmund;BVB;Abwehr;22;19801085;69819;-802089;78836;up;387;97;;;4;4;88;0;False;0;False;0;;;;;;2025/26;;2026-10-09T19:30:00;BVB vs SVW;5;2026-10-03;de.1;3.0;Borussia Dortmund;borussia-dortmund;592891.0;Wide Centre-Back;3601.1;21.5;https://maikmitai.com/api/score-history?team=borussia-dortmund;2026-10-03T18:11:35+00:00;borussia-dortmund;14.0;37021.0;https://www.ligainsider.de/joane-gadou_37021/;True
2026-10-03T18:13:48+00:00;https://www.base-xi.de/api/players;1873;Gregor Kobel;Borussia Dortmund;BVB;Torwart;1;18595020;36345;209727;37323;up;567;142;125.0;6.6;4;4;96;33133337;False;0;False;0;;3530.0;104.0;34.0;34.0;2025/26;Bundesliga;2026-10-09T19:30:00;BVB vs SVW;5;2026-10-03;de.1;3.0;Borussia Dortmund;borussia-dortmund;185513.0;Sweeper;4651.5;3.0;https://maikmitai.com/api/score-history?team=borussia-dortmund;2026-10-03T18:11:35+00:00;borussia-dortmund;14.0;9357.0;https://www.ligainsider.de/gregor-kobel_9357/;True
2026-10-03T18:13:48+00:00;https://www.base-xi.de/api/players;2714;Maximilian Beier;Borussia Dortmund;BVB;Sturm;14;18379098;39199;-1340148;69199;up;473;118;104.0;5.8;4;3;71;22836908;True;0;False;0;;3023.0;94.0;32.0;24.0;2025/26;Bundesliga;2026-10-09T19:30:00;BVB vs SVW;5;2026-10-03;de.1;3.0;Borussia Dortmund;borussia-dortmund;465859.0;Pressing Forward;4014.6;-183.3;https://maikmitai.com/api/score-history?team=borussia-dortmund;2026-10-03T18:11:35+00:00;borussia-dortmund;14.0;20804.0;https://www.ligainsider.de/maximilian-beier_20804/;False
2026-10-03T18:13:48+00:00;https://www.base-xi.de/api/players;10115;Daniel Svensson;Borussia Dortmund;BVB;Abwehr;24;18056590;-174511;-2405463;-144511;down;504;126;107.0;5.8;4;4;96;24384007;False;0;False;0;;2705.0;82.0;33.0;27.0;2025/26;Bundesliga;2026-10-09T19:30:00;BVB vs SVW;5;2026-10-03;de.1;3.0;Borussia Dortmund;borussia-dortmund;521052.0;Wing-Back;4359.9;212.8;https://maikmitai.com/api/score-history?team=borussia-dortmund;2026-10-03T18:11:35+00:00;borussia-dortmund;14.0;38304.0;https://www.ligainsider.de/daniel-svensson_38304/;True
2026-10-03T18:13:48+00:00;https://www.base-xi.de/api/players;7737;Joey Veerman;Borussia Dortmund;BVB;Mittelfeld;25;16846052;13350;323376;12646;up;319;80;;;4;2;50;0;False;0;False;0;;;;;;2025/26;;2026-10-09T19:30:00;BVB vs SVW;5;2026-10-03;de.1;3.0;Borussia Dortmund;borussia-dortmund;231653.0;Pressing Midfielder;6851.9;-12.8;https://maikmitai.com/api/score-history?team=borussia-dortmund;2026-10-03T18:11:35+00:00;borussia-dortmund;14.0;37180.0;https://www.ligainsider.de/joey-veerman_37180/;True
2026-10-03T18:13:48+00:00;https://www.base-xi.de/api/players;2395;Julian Ryerson;Borussia Dortmund;BVB;Abwehr;26;15330787;-418227;-2806595;-516162;down;329;82;83.0;6.1;4;4;84;14709315;False;0;False;2;Angeschlagen - bei der Nationalmannschaft angeschlagen ausgewechselt;3246.0;105.0;31.0;26.0;2025/26;Bundesliga;2026-10-09T19:30:00;BVB vs SVW;5;2026-10-03;de.1;3.0;Borussia Dortmund;borussia-dortmund;213783.0;Wing-Back;4650.5;76.3;https://maikmitai.com/api/score-history?team=borussia-dortmund;2026-10-03T18:11:35+00:00;borussia-dortmund;14.0;18478.0;https://www.ligainsider.de/julian-ryerson_18478/;True
2026-10-03T18:13:48+00:00;https://www.base-xi.de/api/players;11099;Jobe Bellingham;Borussia Dortmund;BVB;Mittelfeld;7;15241670;-186324;-2487835;-156324;down;501;125;96.0;6.3;4;3;81;19617443;False;0;False;0;;2172.0;68.0;32.0;20.0;2025/26;Bundesliga;2026-10-09T19:30:00;BVB vs SVW;5;2026-10-03;de.1;3.0;Borussia Dortmund;borussia-dortmund;519322.0;Anchor;4489.8;252.9;https://maikmitai.com/api/score-history?team=borussia-dortmund;2026-10-03T18:11:35+00:00;borussia-dortmund;14.0;38153.0;https://www.ligainsider.de/jobe-bellingham_38153/;True
2026-10-03T18:13:48+00:00;https://www.base-xi.de/api/players;9698;Fábio Silva;Borussia Dortmund;BVB;Sturm;21;13878547;20658;732215;7115;up;301;100;75.0;5.1;3;1;40;10492915;False;0;False;0;;1414.0;50.0;28.0;7.0;2025/26;Bundesliga;2026-10-09T19:30:00;BVB vs SVW;5;2026-10-03;de.1;3.0;Borussia Dortmund;borussia-dortmund;449988.0;Pressing Forward;4169.7;167.6;https://maikmitai.com/api/score-history?team=borussia-dortmund;2026-10-03T18:11:35+00:00;borussia-dortmund;14.0;22570.0;https://www.ligainsider.de/fabio-silva_22570/;True
2026-10-03T18:13:48+00:00;https://www.base-xi.de/api/players;17309;Ethan Nwaneri;Borussia Dortmund;BVB;Mittelfeld;18;11377212;-485661;-3625030;-481846;down;272;91;;;3;2;65;0;False;0;False;0;;;;;;2025/26;;2026-10-09T19:30:00;BVB vs SVW;5;2026-10-03;de.1;3.0;Borussia Dortmund;borussia-dortmund;499175.0;10;5242.6;-151.2;https://maikmitai.com/api/score-history?team=borussia-dortmund;2026-10-03T18:11:35+00:00;borussia-dortmund;14.0;36869.0;https://www.ligainsider.de/ethan-nwaneri_36869/;False
2026-10-03T18:13:48+00:00;https://www.base-xi.de/api/players;2736;Ramy Bensebaini;Borussia Dortmund;BVB;Abwehr;5;7243158;97472;-1503929;127472;up;85;43;100.0;13.8;2;0;14;14296493;True;0;False;0;;2683.0;128.0;21.0;15.0;2025/26;Bundesliga;2026-10-09T19:30:00;BVB vs SVW;5;2026-10-03;de.1;3.0;Borussia Dortmund;borussia-dortmund;189791.0;Wide Centre-Back;5652.3;;https://maikmitai.com/api/score-history?team=borussia-dortmund;2026-10-03T18:11:35+00:00;borussia-dortmund;14.0;7791.0;https://www.ligainsider.de/ramy-bensebaini_7791/;True
2026-10-03T18:13:48+00:00;https://www.base-xi.de/api/players;1856;Marcel Sabitzer;Borussia Dortmund;BVB;Mittelfeld;20;4259525;-66666;-1160177;-61632;down;168;42;57.0;14.7;4;0;22;6783077;False;1;False;0;;2146.0;83.0;26.0;21.0;2025/26;Bundesliga;2026-10-09T19:30:00;BVB vs SVW;5;2026-10-03;de.1;3.0;Borussia Dortmund;borussia-dortmund;101338.0;Drifting Midfielder;3584.6;-139.8;https://maikmitai.com/api/score-history?team=borussia-dortmund;2026-10-03T18:11:35+00:00;borussia-dortmund;14.0;2020.0;https://www.ligainsider.de/marcel-sabitzer_2020/;False
2026-10-03T18:13:48+00:00;https://www.base-xi.de/api/players;11100;Samuele Inácio;Borussia Dortmund;BVB;Mittelfeld;40;4170040;-116547;-1965169;-114692;down;-60;-60;;;1;0;2;0;False;0;False;0;;365.0;52.0;7.0;4.0;2025/26;Bundesliga;2026-10-09T19:30:00;BVB vs SVW;5;2026-10-03;de.1;3.0;Borussia Dortmund;borussia-dortmund;636717.0;Drifting Midfielder;2113.8;-68.7;https://maikmitai.com/api/score-history?team=borussia-dortmund;2026-10-03T18:11:35+00:00;borussia-dortmund;14.0;37188.0;https://www.ligainsider.de/samuele-inacio_37188/;False
2026-10-03T18:13:48+00:00;https://www.base-xi.de/api/players;16948;Giannis Konstantelias;Borussia Dortmund;BVB;Mittelfeld;45;3568430;-101589;-890117;-143004;down;181;181;;;1;1;55;0;False;0;False;1;Kreuzbandriss - fällt mehrere Monate aus;;;;;2025/26;;2026-10-09T19:30:00;BVB vs SVW;5;2026-10-03;de.1;3.0;Borussia Dortmund;borussia-dortmund;477510.0;Raumdeuter;4360.6;132.4;https://maikmitai.com/api/score-history?team=borussia-dortmund;2026-10-03T18:11:35+00:00;borussia-dortmund;14.0;25767.0;https://www.ligainsider.de/giannis-konstantelias_25767/;False
2026-10-03T18:13:48+00:00;https://www.base-xi.de/api/players;10114;Carney Chukwuemeka;Borussia Dortmund;BVB;Mittelfeld;17;3237400;-117181;-912331;-114287;down;35;35;37.0;13.8;1;0;29;2109079;False;0;False;0;;1307.0;47.0;28.0;8.0;2025/26;Bundesliga;2026-10-09T19:30:00;BVB vs SVW;5;2026-10-03;de.1;3.0;Borussia Dortmund;borussia-dortmund;478912.0;Raumdeuter;4148.3;;https://maikmitai.com/api/score-history?team=borussia-dortmund;2026-10-03T18:11:35+00:00;borussia-dortmund;14.0;26083.0;https://www.ligainsider.de/carney-chukwuemeka_26083/;False
2026-10-03T18:13:48+00:00;https://www.base-xi.de/api/players;13472;Luca Reggiani;Borussia Dortmund;BVB;Abwehr;49;3116974;-120513;-937846;-118268;down;57;57;53.0;22.7;1;0;33;2953975;False;0;False;0;;592.0;74.0;8.0;6.0;2025/26;Bundesliga;2026-10-09T19:30:00;BVB vs SVW;5;2026-10-03;de.1;3.0;Borussia Dortmund;borussia-dortmund;631121.0;Wide Centre-Back;3059.1;-105.6;https://maikmitai.com/api/score-history?team=borussia-dortmund;2026-10-03T18:11:35+00:00;borussia-dortmund;14.0;38816.0;https://www.ligainsider.de/luca-reggiani_38816/;False
2026-10-03T18:13:48+00:00;https://www.base-xi.de/api/players;54;Emre Can;Borussia Dortmund;BVB;Abwehr;23;2845750;204691;1546992;181733;up;0;0;124.0;;0;0;0;0;False;2;False;1;Kreuzbandriss - fällt lange aus;1026.0;114.0;9.0;7.0;2025/26;Bundesliga;2026-10-09T19:30:00;BVB vs SVW;5;2026-10-03;de.1;3.0;Borussia Dortmund;borussia-dortmund;112338.0;Wide Centre-Back;4798.3;;https://maikmitai.com/api/score-history?team=borussia-dortmund;2026-10-03T18:11:35+00:00;borussia-dortmund;14.0;1812.0;https://www.ligainsider.de/emre-can_1812/;False
2026-10-03T18:13:48+00:00;https://www.base-xi.de/api/players;14899;Kauã Prates;Borussia Dortmund;BVB;Abwehr;36;2231659;-114661;-915348;-113226;down;34;34;;;1;0;10;0;False;0;False;0;;;;;;2025/26;;2026-10-09T19:30:00;BVB vs SVW;5;2026-10-03;de.1;3.0;Borussia Dortmund;borussia-dortmund;685487.0;Wing-Back;3976.0;-3.7;https://maikmitai.com/api/score-history?team=borussia-dortmund;2026-10-03T18:11:35+00:00;borussia-dortmund;14.0;38741.0;https://www.ligainsider.de/kaua-prates_38741/;False
2026-10-03T18:13:48+00:00;https://www.base-xi.de/api/players;9440;Filippo Mane;Borussia Dortmund;BVB;Abwehr;39;1394132;-126624;-1002148;-180525;down;64;32;;;2;1;26;0;False;0;False;1;Muskelverletzung - Rückkehr vor LSP unwahrscheinlich;46.0;12.0;4.0;2.0;2025/26;Bundesliga;2026-10-09T19:30:00;BVB vs SVW;5;2026-10-03;de.1;3.0;Borussia Dortmund;borussia-dortmund;571642.0;Wide Centre-Back;3139.7;-0.7;https://maikmitai.com/api/score-history?team=borussia-dortmund;2026-10-03T18:11:35+00:00;borussia-dortmund;14.0;37067.0;https://www.ligainsider.de/filippo-mane_37067/;False
2026-10-03T18:13:48+00:00;https://www.base-xi.de/api/players;2148;Alexander Meyer;Borussia Dortmund;BVB;Torwart;33;500000;0;0;0;right;0;0;;;0;0;0;0;False;0;False;0;;0.0;;0.0;0.0;2025/26;;2026-10-09T19:30:00;BVB vs SVW;5;2026-10-03;de.1;3.0;Borussia Dortmund;borussia-dortmund;118451.0;Sweeper;4495.3;;https://maikmitai.com/api/score-history?team=borussia-dortmund;2026-10-03T18:11:35+00:00;borussia-dortmund;14.0;14604.0;https://www.ligainsider.de/alexander-meyer_14604/;False
2026-10-03T18:13:48+00:00;https://www.base-xi.de/api/players;14662;Justin Lerma;Borussia Dortmund;BVB;Mittelfeld;28;500000;0;0;0;right;0;0;;;0;0;0;0;False;0;False;1;;;;;;2025/26;;2026-10-09T19:30:00;BVB vs SVW;5;2026-10-03;de.1;3.0;Borussia Dortmund;borussia-dortmund;653750.0;10;2641.2;20.4;https://maikmitai.com/api/score-history?team=borussia-dortmund;2026-10-03T18:11:35+00:00;borussia-dortmund;14.0;37104.0;https://www.ligainsider.de/justin-lerma_37104/;False
2026-10-03T18:13:48+00:00;https://www.base-xi.de/api/players;75;Patrick Drewes;Borussia Dortmund;BVB;Torwart;30;500000;0;0;0;right;0;0;;;0;0;0;0;False;0;False;0;;0.0;;0.0;0.0;2025/26;;2026-10-09T19:30:00;BVB vs SVW;5;2026-10-03;de.1;3.0;Borussia Dortmund;borussia-dortmund;118361.0;Sweeper;3654.1;;https://maikmitai.com/api/score-history?team=borussia-dortmund;2026-10-03T18:11:35+00:00;borussia-dortmund;14.0;1981.0;https://www.ligainsider.de/patrick-drewes_1981/;False
2026-10-03T18:13:48+00:00;https://www.base-xi.de/api/players;1883;Moritz Nicolas;Borussia Mönchengladbach;BMG;Torwart;1;12225742;90449;-540154;99462;up;435;109;107.0;9.0;4;4;98;24664283;False;0;False;0;;3766.0;111.0;34.0;34.0;2025/26;Bundesliga;2026-10-11T14:30:00;KOE vs BMG;5;2026-10-03;de.1;9.0;Borussia Mönchengladbach;borussia-monchengladbach;215651.0;Sweeper;4291.0;10.7;https://maikmitai.com/api/score-history?team=borussia-monchengladbach;2026-10-03T18:11:35+00:00;borussia-moenchengladbach;5.0;6295.0;https://www.ligainsider.de/moritz-nicolas_6295/;True
2026-10-03T18:13:48+00:00;https://www.base-xi.de/api/players;849;Tim Kleindienst;Borussia Mönchengladbach;BMG;Sturm;11;10861490;210043;1296622;207706;up;9;3;;;3;3;76;0;False;0;False;0;;61.0;20.0;3.0;0.0;2025/26;Bundesliga;2026-10-11T14:30:00;KOE vs BMG;5;2026-10-03;de.1;9.0;Borussia Mönchengladbach;borussia-monchengladbach;160201.0;Target Man;4149.5;3.6;https://maikmitai.com/api/score-history?team=borussia-monchengladbach;2026-10-03T18:11:35+00:00;borussia-moenchengladbach;5.0;6321.0;https://www.ligainsider.de/tim-kleindienst_6321/;False
2026-10-03T18:13:48+00:00;https://www.base-xi.de/api/players;11010;Kevin Diks;Borussia Mönchengladbach;BMG;Abwehr;4;10297377;126670;1178120;109386;up;96;24;43.0;5.8;4;4;98;4170910;False;0;False;0;;2844.0;95.0;30.0;28.0;2025/26;Bundesliga;2026-10-11T14:30:00;KOE vs BMG;5;2026-10-03;de.1;9.0;Borussia Mönchengladbach;borussia-monchengladbach;193228.0;Ball-Playing Centre-Back;4898.7;-3.9;https://maikmitai.com/api/score-history?team=borussia-monchengladbach;2026-10-03T18:11:35+00:00;borussia-moenchengladbach;5.0;11591.0;https://www.ligainsider.de/kevin-diks_11591/;True
2026-10-03T18:13:48+00:00;https://www.base-xi.de/api/players;2560;Philipp Sander;Borussia Mönchengladbach;BMG;Mittelfeld;16;8902183;-495701;-734340;-518828;down;161;40;56.0;6.7;4;4;98;6886883;False;0;False;0;;2386.0;80.0;30.0;29.0;2025/26;Bundesliga;2026-10-11T14:30:00;KOE vs BMG;5;2026-10-03;de.1;9.0;Borussia Mönchengladbach;borussia-monchengladbach;452461.0;Ball-Winning Pivot-Player;4739.9;-20.3;https://maikmitai.com/api/score-history?team=borussia-monchengladbach;2026-10-03T18:11:35+00:00;borussia-moenchengladbach;5.0;18612.0;https://www.ligainsider.de/philipp-sander_18612/;True
2026-10-03T18:13:48+00:00;https://www.base-xi.de/api/players;3129;Ko Itakura;Borussia Mönchengladbach;BMG;Abwehr;6;8130374;310486;1976140;297000;up;143;36;;;4;4;94;0;False;0;False;0;;;;;;2025/26;;2026-10-11T14:30:00;KOE vs BMG;5;2026-10-03;de.1;9.0;Borussia Mönchengladbach;borussia-monchengladbach;210906.0;Defensive Centre-Back;4027.2;-1.0;https://maikmitai.com/api/score-history?team=borussia-monchengladbach;2026-10-03T18:11:35+00:00;borussia-moenchengladbach;5.0;27204.0;https://www.ligainsider.de/ko-itakura_27204/;True
2026-10-03T18:13:48+00:00;https://www.base-xi.de/api/players;9540;Isac Lidberg;Borussia Mönchengladbach;BMG;Sturm;3;7976161;157801;1423704;140508;up;104;26;24.0;5.4;4;1;45;1378570;False;0;False;0;;2936.0;98.0;30.0;30.0;2025/26;2. Bundesliga;2026-10-11T14:30:00;KOE vs BMG;5;2026-10-03;de.1;9.0;Borussia Mönchengladbach;borussia-monchengladbach;193806.0;Advanced Forward;3487.3;1.3;https://maikmitai.com/api/score-history?team=borussia-monchengladbach;2026-10-03T18:11:35+00:00;borussia-moenchengladbach;5.0;37438.0;https://www.ligainsider.de/isac-lidberg_37438/;False
2026-10-03T18:13:48+00:00;https://www.base-xi.de/api/players;13442;Hugo Bolin;Borussia Mönchengladbach;BMG;Mittelfeld;38;7883401;187112;-305333;217112;up;356;89;32.0;8.2;4;4;82;1898528;True;0;False;0;;517.0;40.0;13.0;5.0;2025/26;Bundesliga;2026-10-11T14:30:00;KOE vs BMG;5;2026-10-03;de.1;9.0;Borussia Mönchengladbach;borussia-monchengladbach;551048.0;Inverted Winger;4242.8;10.1;https://maikmitai.com/api/score-history?team=borussia-monchengladbach;2026-10-03T18:11:35+00:00;borussia-moenchengladbach;5.0;37888.0;https://www.ligainsider.de/hugo-bolin_37888/;False
2026-10-03T18:13:48+00:00;https://www.base-xi.de/api/players;2261;Florian Neuhaus;Borussia Mönchengladbach;BMG;Mittelfeld;10;7856302;243571;1645134;243017;up;118;118;51.0;8.4;1;1;70;3123510;False;0;False;0;;909.0;53.0;17.0;11.0;2025/26;Bundesliga;2026-10-11T14:30:00;KOE vs BMG;5;2026-10-03;de.1;9.0;Borussia Mönchengladbach;borussia-monchengladbach;229231.0;Offensive Pivot-Player;4543.4;-96.2;https://maikmitai.com/api/score-history?team=borussia-monchengladbach;2026-10-03T18:11:35+00:00;borussia-moenchengladbach;5.0;10416.0;https://www.ligainsider.de/florian-neuhaus_10416/;True
2026-10-03T18:13:48+00:00;https://www.base-xi.de/api/players;15181;Jan Leszczynski;Borussia Mönchengladbach;BMG;Abwehr;5;7482872;181509;1435719;171650;up;88;44;;;2;1;61;0;False;0;False;0;;;;;;2025/26;;2026-10-11T14:30:00;KOE vs BMG;5;2026-10-03;de.1;9.0;Borussia Mönchengladbach;borussia-monchengladbach;626569.0;Defensive Centre-Back;3040.7;-926.7;https://maikmitai.com/api/score-history?team=borussia-monchengladbach;2026-10-03T18:11:35+00:00;borussia-moenchengladbach;5.0;38925.0;https://www.ligainsider.de/jan-leszczynski_38925/;True
2026-10-03T18:13:48+00:00;https://www.base-xi.de/api/players;4333;Lukas Ullrich;Borussia Mönchengladbach;BMG;Abwehr;26;6861765;-449416;169710;-479416;down;223;74;41.0;7.4;3;3;83;3107226;False;0;False;0;;766.0;33.0;23.0;14.0;2025/26;Bundesliga;2026-10-11T14:30:00;KOE vs BMG;5;2026-10-03;de.1;9.0;Borussia Mönchengladbach;borussia-monchengladbach;513440.0;Wing-Back;3304.5;33.4;https://maikmitai.com/api/score-history?team=borussia-monchengladbach;2026-10-03T18:11:35+00:00;borussia-moenchengladbach;5.0;27518.0;https://www.ligainsider.de/lukas-ullrich_27518/;True
2026-10-03T18:13:48+00:00;https://www.base-xi.de/api/players;6199;Shuto Machino;Borussia Mönchengladbach;BMG;Sturm;18;6619196;122477;1491626;97902;up;80;40;17.0;4.3;2;0;31;588408;False;0;False;0;;742.0;23.0;32.0;9.0;2025/26;Bundesliga;2026-10-11T14:30:00;KOE vs BMG;5;2026-10-03;de.1;9.0;Borussia Mönchengladbach;borussia-monchengladbach;446220.0;Target Man;3778.0;109.8;https://maikmitai.com/api/score-history?team=borussia-monchengladbach;2026-10-03T18:11:35+00:00;borussia-moenchengladbach;5.0;36130.0;https://www.ligainsider.de/shuto-machino_36130/;False
2026-10-03T18:13:48+00:00;https://www.base-xi.de/api/players;6319;Franck Honorat;Borussia Mönchengladbach;BMG;Mittelfeld;9;5894381;-233333;-2163467;-290696;down;258;65;58.0;11.3;4;3;63;7186046;False;0;False;1;Muskelverletzung - fehlt mehrere Wochen ;1898.0;68.0;28.0;24.0;2025/26;Bundesliga;2026-10-11T14:30:00;KOE vs BMG;5;2026-10-03;de.1;9.0;Borussia Mönchengladbach;borussia-monchengladbach;174655.0;Attacking Winger;4296.1;5.5;https://maikmitai.com/api/score-history?team=borussia-monchengladbach;2026-10-03T18:11:35+00:00;borussia-moenchengladbach;5.0;23248.0;https://www.ligainsider.de/franck-honorat_23248/;False
2026-10-03T18:13:48+00:00;https://www.base-xi.de/api/players;2862;Jens Castrop;Borussia Mönchengladbach;BMG;Mittelfeld;17;5658656;250985;2365465;226587;up;0;0;21.0;;0;0;0;0;False;0;False;4;Nach Schulterverletzung - im Lauftraining, verpasst Testspiel;1278.0;49.0;26.0;20.0;2025/26;Bundesliga;2026-10-11T14:30:00;KOE vs BMG;5;2026-10-03;de.1;9.0;Borussia Mönchengladbach;borussia-monchengladbach;510788.0;Wing-Runner;3896.1;;https://maikmitai.com/api/score-history?team=borussia-monchengladbach;2026-10-03T18:11:35+00:00;borussia-moenchengladbach;5.0;24405.0;https://www.ligainsider.de/jens-castrop_24405/;False
2026-10-03T18:13:48+00:00;https://www.base-xi.de/api/players;7774;Yukhym Konoplia;Borussia Mönchengladbach;BMG;Abwehr;22;5512763;321029;2335357;293883;up;0;0;;;0;0;0;0;False;0;False;0;;;;;;2025/26;;2026-10-11T14:30:00;KOE vs BMG;5;;;;;;;;;;;;;;;;False
2026-10-03T18:13:48+00:00;https://www.base-xi.de/api/players;15613;Daiki Hashioka;Borussia Mönchengladbach;BMG;Abwehr;14;4274891;-134275;-1562698;-104275;down;6;3;;;2;1;49;0;False;0;False;0;;;;;;2025/26;;2026-10-11T14:30:00;KOE vs BMG;5;2026-10-03;de.1;9.0;Borussia Mönchengladbach;borussia-monchengladbach;209293.0;Wide Centre-Back;3646.5;-7.0;https://maikmitai.com/api/score-history?team=borussia-monchengladbach;2026-10-03T18:11:35+00:00;borussia-moenchengladbach;5.0;36955.0;https://www.ligainsider.de/daiki-hashioka_36955/;True
2026-10-03T18:13:48+00:00;https://www.base-xi.de/api/players;2941;Joseph Scally;Borussia Mönchengladbach;BMG;Abwehr;29;3838476;-108556;-878630;-104060;down;149;37;38.0;12.9;4;3;68;3376997;False;0;False;0;;1983.0;62.0;32.0;29.0;2025/26;Bundesliga;2026-10-11T14:30:00;KOE vs BMG;5;;;;;;;;;;;;;;;;False
2026-10-03T18:13:48+00:00;https://www.base-xi.de/api/players;11748;Wael Mohya;Borussia Mönchengladbach;BMG;Mittelfeld;36;3460481;-97482;-830807;-93096;down;37;9;11.0;6.2;4;2;49;500000;False;0;False;0;;507.0;34.0;15.0;6.0;2025/26;Bundesliga;2026-10-11T14:30:00;KOE vs BMG;5;2026-10-03;de.1;9.0;Borussia Mönchengladbach;borussia-monchengladbach;679296.0;Wing-Runner;3232.2;43.2;https://maikmitai.com/api/score-history?team=borussia-monchengladbach;2026-10-03T18:11:35+00:00;borussia-moenchengladbach;5.0;38636.0;https://www.ligainsider.de/wael-mohya_38636/;False
2026-10-03T18:13:48+00:00;https://www.base-xi.de/api/players;2074;Robin Hack;Borussia Mönchengladbach;BMG;Mittelfeld;25;3251224;-119613;-860866;-120686;down;-16;-4;20.0;8.5;4;2;43;719809;False;0;False;0;;469.0;59.0;8.0;3.0;2025/26;Bundesliga;2026-10-11T14:30:00;KOE vs BMG;5;2026-10-03;de.1;9.0;Borussia Mönchengladbach;borussia-monchengladbach;428234.0;Raumdeuter;4512.3;0.4;https://maikmitai.com/api/score-history?team=borussia-monchengladbach;2026-10-03T18:11:35+00:00;borussia-moenchengladbach;5.0;14139.0;https://www.ligainsider.de/robin-hack_14139/;False
2026-10-03T18:13:48+00:00;https://www.base-xi.de/api/players;619;Kevin Stöger;Borussia Mönchengladbach;BMG;Mittelfeld;7;3159239;-110939;-855660;-110833;down;-4;-1;21.0;7.6;3;2;57;948876;False;0;False;0;;1239.0;43.0;29.0;15.0;2025/26;Bundesliga;2026-10-11T14:30:00;KOE vs BMG;5;2026-10-03;de.1;9.0;Borussia Mönchengladbach;borussia-monchengladbach;93293.0;Pressing Midfielder;5338.1;-26.4;https://maikmitai.com/api/score-history?team=borussia-monchengladbach;2026-10-03T18:11:35+00:00;borussia-moenchengladbach;5.0;692.0;https://www.ligainsider.de/kevin-stoeger_692/;False
2026-10-03T18:13:48+00:00;https://www.base-xi.de/api/players;2126;Nicolas Kühn;Borussia Mönchengladbach;BMG;Mittelfeld;19;1421360;-128308;-1149792;-142877;down;21;21;;;1;0;26;0;False;0;False;4;;;;;;2025/26;;2026-10-11T14:30:00;KOE vs BMG;5;2026-10-03;de.1;9.0;Borussia Mönchengladbach;borussia-monchengladbach;247716.0;Attacking Winger;4166.1;0.2;https://maikmitai.com/api/score-history?team=borussia-monchengladbach;2026-10-03T18:11:35+00:00;borussia-moenchengladbach;5.0;13968.0;https://www.ligainsider.de/nicolas-kuehn_13968/;False
2026-10-03T18:13:48+00:00;https://www.base-xi.de/api/players;4292;David Herold;Borussia Mönchengladbach;BMG;Abwehr;20;1116305;-101246;-878038;-97511;down;21;7;34.0;27.0;3;1;47;2495725;False;1;False;0;;2570.0;78.0;33.0;32.0;2025/26;2. Bundesliga;2026-10-11T14:30:00;KOE vs BMG;5;2026-10-03;de.1;9.0;Borussia Mönchengladbach;borussia-monchengladbach;493326.0;Wing-Back;3761.6;-12.8;https://maikmitai.com/api/score-history?team=borussia-monchengladbach;2026-10-03T18:11:35+00:00;borussia-moenchengladbach;5.0;34927.0;https://www.ligainsider.de/david-herold_34927/;False
2026-10-03T18:13:48+00:00;https://www.base-xi.de/api/players;3516;Enzo Leopold;Borussia Mönchengladbach;BMG;Mittelfeld;8;798926;-139793;-1144660;-190531;down;0;0;67.0;;0;0;0;0;False;1;False;1;Kreuzbandriss - fällt lange aus;3814.0;112.0;34.0;34.0;2025/26;2. Bundesliga;2026-10-11T14:30:00;KOE vs BMG;5;2026-10-03;de.1;9.0;Borussia Mönchengladbach;borussia-monchengladbach;543919.0;Anchor;4742.6;;https://maikmitai.com/api/score-history?team=borussia-monchengladbach;2026-10-03T18:11:35+00:00;borussia-moenchengladbach;5.0;20348.0;https://www.ligainsider.de/enzo-leopold_20348/;False
2026-10-03T18:13:48+00:00;https://www.base-xi.de/api/players;16564;Mathieu Nguefack;Borussia Mönchengladbach;BMG;Mittelfeld;34;579494;13725;-605713;38008;up;40;13;;;3;1;46;0;True;0;False;0;;;;;;2025/26;;2026-10-11T14:30:00;KOE vs BMG;5;2026-10-03;de.1;9.0;Borussia Mönchengladbach;borussia-monchengladbach;648805.0;Ball-Winning Pivot-Player;2654.2;6.4;https://maikmitai.com/api/score-history?team=borussia-monchengladbach;2026-10-03T18:11:35+00:00;borussia-moenchengladbach;5.0;38828.0;https://www.ligainsider.de/mathieu-nguefack_38828/;True
2026-10-03T18:13:48+00:00;https://www.base-xi.de/api/players;577;Daniel Batz;Borussia Mönchengladbach;BMG;Torwart;33;500000;0;0;0;right;0;0;100.0;;0;0;0;0;False;0;False;0;;2331.0;111.0;21.0;21.0;2025/26;Bundesliga;2026-10-11T14:30:00;KOE vs BMG;5;2026-10-03;de.1;9.0;Borussia Mönchengladbach;borussia-monchengladbach;84955.0;Sweeper;4968.1;;https://maikmitai.com/api/score-history?team=borussia-monchengladbach;2026-10-03T18:11:35+00:00;borussia-moenchengladbach;5.0;499.0;https://www.ligainsider.de/daniel-batz_499/;False
2026-10-03T18:13:48+00:00;https://www.base-xi.de/api/players;3063;Fabio Chiarodia;Borussia Mönchengladbach;BMG;Abwehr;2;500000;0;-300174;0;right;0;0;28.0;;0;0;0;0;False;0;False;0;;490.0;33.0;15.0;8.0;2025/26;Bundesliga;2026-10-11T14:30:00;KOE vs BMG;5;2026-10-03;de.1;9.0;Borussia Mönchengladbach;borussia-monchengladbach;544822.0;Defensive Centre-Back;3332.5;;https://maikmitai.com/api/score-history?team=borussia-monchengladbach;2026-10-03T18:11:35+00:00;borussia-moenchengladbach;5.0;26588.0;https://www.ligainsider.de/fabio-chiarodia_26588/;False
2026-10-03T18:13:48+00:00;https://www.base-xi.de/api/players;2850;Jan Olschowsky;Borussia Mönchengladbach;BMG;Torwart;23;500000;0;0;0;right;0;0;;;0;0;0;0;False;0;False;0;;0.0;;0.0;0.0;2025/26;;2026-10-11T14:30:00;KOE vs BMG;5;2026-10-03;de.1;9.0;Borussia Mönchengladbach;borussia-monchengladbach;510578.0;Sweeper;2478.7;;https://maikmitai.com/api/score-history?team=borussia-monchengladbach;2026-10-03T18:11:35+00:00;borussia-moenchengladbach;5.0;20114.0;https://www.ligainsider.de/jan-olschowsky_20114/;False
2026-10-03T18:13:48+00:00;https://www.base-xi.de/api/players;15202;Zento Uno;Borussia Mönchengladbach;BMG;Mittelfeld;47;500000;0;-309329;0;right;0;0;;;0;0;0;0;False;0;False;2;Oberschenkelprobleme - muss Training frühzeitig abbrechen;;;;;2025/26;;2026-10-11T14:30:00;KOE vs BMG;5;2026-10-03;de.1;9.0;Borussia Mönchengladbach;borussia-monchengladbach;567067.0;Ball-Winning Pivot-Player;3037.9;;https://maikmitai.com/api/score-history?team=borussia-monchengladbach;2026-10-03T18:11:35+00:00;borussia-moenchengladbach;5.0;38869.0;https://www.ligainsider.de/zento-uno_38869/;False
2026-10-03T18:13:48+00:00;https://www.base-xi.de/api/players;6081;Can Uzun;Eintracht Frankfurt;SGE;Mittelfeld;42;26404048;47819;445771;38238;up;476;119;54.0;4.3;4;4;84;5738782;False;0;False;2;Leichte muskuläre Probleme - verpasst Nationalmannschaftsduell;2232.0;106.0;21.0;15.0;2025/26;Bundesliga;2026-10-10T17:30:00;RBL vs SGE;5;2026-10-03;de.1;16.0;Eintracht Frankfurt;eintracht-frankfurt;554087.0;10;5146.2;144.8;https://maikmitai.com/api/score-history?team=eintracht-frankfurt;2026-10-03T18:11:35+00:00;eintracht-frankfurt;3.0;35949.0;https://www.ligainsider.de/can-uzun_35949/;True
2026-10-03T18:13:48+00:00;https://www.base-xi.de/api/players;2255;Jonathan Burkardt;Eintracht Frankfurt;SGE;Sturm;9;25879851;51735;405818;49404;up;554;139;95.0;4.4;4;4;83;16995111;False;0;False;0;;1912.0;87.0;22.0;15.0;2025/26;Bundesliga;2026-10-10T17:30:00;RBL vs SGE;5;2026-10-03;de.1;16.0;Eintracht Frankfurt;eintracht-frankfurt;225485.0;Target Man;4324.5;-7.4;https://maikmitai.com/api/score-history?team=eintracht-frankfurt;2026-10-03T18:11:35+00:00;eintracht-frankfurt;3.0;19272.0;https://www.ligainsider.de/jonathan-burkardt_19272/;False
2026-10-03T18:13:48+00:00;https://www.base-xi.de/api/players;2144;Robin Koch;Eintracht Frankfurt;SGE;Abwehr;4;22897294;25382;-1811094;55382;up;573;143;120.0;5.5;4;4;96;29965629;True;0;False;0;;3419.0;107.0;32.0;32.0;2025/26;Bundesliga;2026-10-10T17:30:00;RBL vs SGE;5;2026-10-03;de.1;16.0;Eintracht Frankfurt;eintracht-frankfurt;193645.0;Ball-Playing Centre-Back;5038.7;55.5;https://maikmitai.com/api/score-history?team=eintracht-frankfurt;2026-10-03T18:11:35+00:00;eintracht-frankfurt;3.0;12490.0;https://www.ligainsider.de/robin-koch_12490/;True
2026-10-03T18:13:48+00:00;https://www.base-xi.de/api/players;10004;Younes Ebnoutalib;Eintracht Frankfurt;SGE;Sturm;11;17962263;171795;833927;187945;up;603;151;86.0;5.7;4;3;75;13698732;False;0;False;0;;1784.0;89.0;20.0;13.0;2025/26;2. Bundesliga;2026-10-10T17:30:00;RBL vs SGE;5;2026-10-03;de.1;16.0;Eintracht Frankfurt;eintracht-frankfurt;613801.0;Advanced Forward;3270.8;-37.8;https://maikmitai.com/api/score-history?team=eintracht-frankfurt;2026-10-03T18:11:35+00:00;eintracht-frankfurt;3.0;38489.0;https://www.ligainsider.de/younes-ebnoutalib_38489/;True
2026-10-03T18:13:48+00:00;https://www.base-xi.de/api/players;17285;Lilian Brassier;Eintracht Frankfurt;SGE;Abwehr;3;14821775;44894;772637;38012;up;310;103;;;3;3;95;0;False;0;False;0;;;;;;2025/26;;2026-10-10T17:30:00;RBL vs SGE;5;2026-10-03;de.1;16.0;Eintracht Frankfurt;eintracht-frankfurt;447547.0;Inverted Full-Back;4842.4;-70.7;https://maikmitai.com/api/score-history?team=eintracht-frankfurt;2026-10-03T18:11:35+00:00;eintracht-frankfurt;3.0;24489.0;https://www.ligainsider.de/lilian-brassier_24489/;True
2026-10-03T18:13:48+00:00;https://www.base-xi.de/api/players;2887;Ritsu Dōan;Eintracht Frankfurt;SGE;Mittelfeld;20;14479365;-357241;-3083627;-327358;down;271;90;76.0;6.2;3;3;82;11199300;False;0;False;0;;2793.0;90.0;31.0;28.0;2025/26;Bundesliga;2026-10-10T17:30:00;RBL vs SGE;5;2026-10-03;de.1;16.0;Eintracht Frankfurt;eintracht-frankfurt;205252.0;Inverted Winger;4931.5;30.0;https://maikmitai.com/api/score-history?team=eintracht-frankfurt;2026-10-03T18:11:35+00:00;eintracht-frankfurt;3.0;22974.0;https://www.ligainsider.de/ritsu-doan_22974/;True
2026-10-03T18:13:48+00:00;https://www.base-xi.de/api/players;3019;Noah Atubolu;Eintracht Frankfurt;SGE;Torwart;1;13186097;-65985;-1426089;-35985;down;436;109;96.0;7.8;4;4;96;20073663;False;0;False;0;;3299.0;97.0;34.0;34.0;2025/26;Bundesliga;2026-10-10T17:30:00;RBL vs SGE;5;2026-10-03;de.1;16.0;Eintracht Frankfurt;eintracht-frankfurt;470306.0;Sweeper;4290.5;57.2;https://maikmitai.com/api/score-history?team=eintracht-frankfurt;2026-10-03T18:11:35+00:00;eintracht-frankfurt;3.0;22000.0;https://www.ligainsider.de/noah-atubolu_22000/;True
2026-10-03T18:13:48+00:00;https://www.base-xi.de/api/players;2864;Nnamdi Collins;Eintracht Frankfurt;SGE;Abwehr;34;10424186;212220;2154003;182220;up;16;16;54.0;5.8;1;0;31;3940630;False;0;False;0;;1622.0;71.0;23.0;16.0;2025/26;Bundesliga;2026-10-10T17:30:00;RBL vs SGE;5;2026-10-03;de.1;16.0;Eintracht Frankfurt;eintracht-frankfurt;492942.0;Defensive Full-Back;4281.9;;https://maikmitai.com/api/score-history?team=eintracht-frankfurt;2026-10-03T18:11:35+00:00;eintracht-frankfurt;3.0;24116.0;https://www.ligainsider.de/nnamdi-collins_24116/;True
2026-10-03T18:13:48+00:00;https://www.base-xi.de/api/players;12284;Keita Kosugi;Eintracht Frankfurt;SGE;Abwehr;26;9863752;-628623;-301738;-658623;down;257;64;;;4;4;96;0;False;0;False;0;;0.0;;0.0;0.0;2025/26;;2026-10-10T17:30:00;RBL vs SGE;5;2026-10-03;de.1;16.0;Eintracht Frankfurt;eintracht-frankfurt;623214.0;Wing-Back;3559.1;10.2;https://maikmitai.com/api/score-history?team=eintracht-frankfurt;2026-10-03T18:11:35+00:00;eintracht-frankfurt;3.0;38762.0;https://www.ligainsider.de/keita-kosugi_38762/;True
2026-10-03T18:13:48+00:00;https://www.base-xi.de/api/players;7417;Noël Aséko;Eintracht Frankfurt;SGE;Mittelfeld;15;9334412;189725;1685617;171744;up;79;40;42.0;4.7;2;2;54;3276421;False;0;False;0;;2446.0;76.0;32.0;30.0;2025/26;2. Bundesliga;2026-10-10T17:30:00;RBL vs SGE;5;2026-10-03;de.1;16.0;Eintracht Frankfurt;eintracht-frankfurt;549875.0;Drifting Midfielder;2732.7;;https://maikmitai.com/api/score-history?team=eintracht-frankfurt;2026-10-03T18:11:35+00:00;eintracht-frankfurt;3.0;36931.0;https://www.ligainsider.de/noel-aseko_36931/;True
2026-10-03T18:13:48+00:00;https://www.base-xi.de/api/players;7325;Elias Baum;Eintracht Frankfurt;SGE;Abwehr;2;7933621;-247140;-1918277;-251318;down;354;89;;;4;4;81;0;False;0;False;0;;32.0;6.0;5.0;0.0;2025/26;Bundesliga;2026-10-10T17:30:00;RBL vs SGE;5;2026-10-03;de.1;16.0;Eintracht Frankfurt;eintracht-frankfurt;547216.0;Defensive Full-Back;3717.9;425.4;https://maikmitai.com/api/score-history?team=eintracht-frankfurt;2026-10-03T18:11:35+00:00;eintracht-frankfurt;3.0;35727.0;https://www.ligainsider.de/elias-baum_35727/;False
2026-10-03T18:13:48+00:00;https://www.base-xi.de/api/players;16369;Raphael Onyedika;Eintracht Frankfurt;SGE;Mittelfeld;25;7398457;-228782;-2391586;-215930;down;162;41;;;4;4;96;0;False;0;False;0;;;;;;2025/26;;2026-10-10T17:30:00;RBL vs SGE;5;2026-10-03;de.1;16.0;Eintracht Frankfurt;eintracht-frankfurt;503548.0;Anchor;3257.1;-25.9;https://maikmitai.com/api/score-history?team=eintracht-frankfurt;2026-10-03T18:11:35+00:00;eintracht-frankfurt;3.0;26786.0;https://www.ligainsider.de/raphael-onyedika_26786/;True
2026-10-03T18:13:48+00:00;https://www.base-xi.de/api/players;2863;Ansgar Knauff;Eintracht Frankfurt;SGE;Mittelfeld;7;6884875;203244;1483559;201491;up;38;38;27.0;6.4;1;0;31;1159604;False;0;False;0;;1284.0;46.0;28.0;12.0;2025/26;Bundesliga;2026-10-10T17:30:00;RBL vs SGE;5;2026-10-03;de.1;16.0;Eintracht Frankfurt;eintracht-frankfurt;492931.0;Attacking Winger;3910.3;;https://maikmitai.com/api/score-history?team=eintracht-frankfurt;2026-10-03T18:11:35+00:00;eintracht-frankfurt;3.0;24398.0;https://www.ligainsider.de/ansgar-knauff_24398/;False
2026-10-03T18:13:48+00:00;https://www.base-xi.de/api/players;461;Timothy Chandler;Eintracht Frankfurt;SGE;Abwehr;22;5128354;-226858;1091002;-256858;down;12;6;;;2;0;15;0;False;0;False;0;;31.0;31.0;1.0;0.0;2025/26;Bundesliga;2026-10-10T17:30:00;RBL vs SGE;5;2026-10-03;de.1;16.0;Eintracht Frankfurt;eintracht-frankfurt;57500.0;Defensive Full-Back;505.9;-425.9;https://maikmitai.com/api/score-history?team=eintracht-frankfurt;2026-10-03T18:11:35+00:00;eintracht-frankfurt;3.0;643.0;https://www.ligainsider.de/timothy-chandler_643/;False
2026-10-03T18:13:48+00:00;https://www.base-xi.de/api/players;12285;Love Arrhov;Eintracht Frankfurt;SGE;Mittelfeld;31;4970785;322636;2406351;310754;up;-6;-6;;;1;0;15;0;False;0;False;0;;70.0;14.0;5.0;1.0;2025/26;Bundesliga;2026-10-10T17:30:00;RBL vs SGE;5;2026-10-03;de.1;16.0;Eintracht Frankfurt;eintracht-frankfurt;649816.0;Drifting Midfielder;2319.6;3.9;https://maikmitai.com/api/score-history?team=eintracht-frankfurt;2026-10-03T18:11:35+00:00;eintracht-frankfurt;3.0;38440.0;https://www.ligainsider.de/love-arrhov_38440/;False
2026-10-03T18:13:48+00:00;https://www.base-xi.de/api/players;15589;Otávio;Eintracht Frankfurt;SGE;Abwehr;5;4339368;-154105;-2188043;-124105;down;-1;-1;;;1;0;10;0;False;0;False;0;;;;;;2025/26;;2026-10-10T17:30:00;RBL vs SGE;5;;;;;;;;;;;;eintracht-frankfurt;3.0;39011.0;https://www.ligainsider.de/otavio_39011/;False
2026-10-03T18:13:48+00:00;https://www.base-xi.de/api/players;7277;Farès Chaïbi;Eintracht Frankfurt;SGE;Mittelfeld;8;4145135;-95550;-761996;-95121;down;107;54;59.0;17.7;2;1;63;5884151;False;1;False;0;;2334.0;83.0;28.0;21.0;2025/26;Bundesliga;2026-10-10T17:30:00;RBL vs SGE;5;2026-10-03;de.1;16.0;Eintracht Frankfurt;eintracht-frankfurt;573379.0;Playmaking Winger;4377.8;6.5;https://maikmitai.com/api/score-history?team=eintracht-frankfurt;2026-10-03T18:11:35+00:00;eintracht-frankfurt;3.0;35910.0;https://www.ligainsider.de/fares-chaibi_35910/;False
2026-10-03T18:13:48+00:00;https://www.base-xi.de/api/players;11186;Jeremiaha Maluze;Eintracht Frankfurt;SGE;Abwehr;37;3657552;-44401;-683211;-28749;down;396;198;;;2;2;99;0;False;0;False;4;Nach Oberschenkelverletzung - arbeitet wieder mit Ball;;;;;2025/26;;2026-10-10T17:30:00;RBL vs SGE;5;2026-10-03;de.1;16.0;Eintracht Frankfurt;eintracht-frankfurt;700073.0;Wide Centre-Back;2358.7;1340.2;https://maikmitai.com/api/score-history?team=eintracht-frankfurt;2026-10-03T18:11:35+00:00;eintracht-frankfurt;3.0;38581.0;https://www.ligainsider.de/jeremiaha-maluze_38581/;False
2026-10-03T18:13:48+00:00;https://www.base-xi.de/api/players;513;Mario Götze;Eintracht Frankfurt;SGE;Mittelfeld;27;3502995;-108398;-880651;-103151;down;152;51;38.0;11.6;3;1;36;2611282;False;0;False;0;;696.0;33.0;21.0;8.0;2025/26;Bundesliga;2026-10-10T17:30:00;RBL vs SGE;5;2026-10-03;de.1;16.0;Eintracht Frankfurt;eintracht-frankfurt;69600.0;Pressing Midfielder;3544.9;-165.5;https://maikmitai.com/api/score-history?team=eintracht-frankfurt;2026-10-03T18:11:35+00:00;eintracht-frankfurt;3.0;501.0;https://www.ligainsider.de/mario-goetze_501/;False
2026-10-03T18:13:48+00:00;https://www.base-xi.de/api/players;12294;Ayoube Amaimouni;Eintracht Frankfurt;SGE;Mittelfeld;29;3347591;-118274;-883040;-117684;down;97;24;26.0;9.6;4;1;30;1356447;False;0;False;0;;679.0;40.0;17.0;6.0;2025/26;Bundesliga;2026-10-10T17:30:00;RBL vs SGE;5;;;;;;;;;;;;;;;;False
2026-10-03T18:13:48+00:00;https://www.base-xi.de/api/players;8351;Oscar Højlund;Eintracht Frankfurt;SGE;Mittelfeld;6;1417615;-121671;-952539;-121275;down;5;3;16.0;15.8;2;0;31;500000;False;1;False;0;;772.0;32.0;24.0;12.0;2025/26;Bundesliga;2026-10-10T17:30:00;RBL vs SGE;5;2026-10-03;de.1;16.0;Eintracht Frankfurt;eintracht-frankfurt;578611.0;High Playmaking Midfielder;3623.4;76.2;https://maikmitai.com/api/score-history?team=eintracht-frankfurt;2026-10-03T18:11:35+00:00;eintracht-frankfurt;3.0;37210.0;https://www.ligainsider.de/oscar-hoejlund_37210/;False
2026-10-03T18:13:48+00:00;https://www.base-xi.de/api/players;7275;Kauã Santos;Eintracht Frankfurt;SGE;Torwart;40;606127;-126109;-1016559;-106127;down;0;0;48.0;;0;0;0;0;False;1;False;0;;849.0;65.0;13.0;13.0;2025/26;Bundesliga;2026-10-10T17:30:00;RBL vs SGE;5;2026-10-03;de.1;16.0;Eintracht Frankfurt;eintracht-frankfurt;575549.0;Sweeper;3491.3;;https://maikmitai.com/api/score-history?team=eintracht-frankfurt;2026-10-03T18:11:35+00:00;eintracht-frankfurt;3.0;36306.0;https://www.ligainsider.de/kaua-santos_36306/;False
2026-10-03T18:13:48+00:00;https://www.base-xi.de/api/players;357;Jens Grahl;Eintracht Frankfurt;SGE;Torwart;33;500000;0;0;0;right;0;0;;;0;0;0;0;False;0;False;0;;0.0;;0.0;0.0;2025/26;;2026-10-10T17:30:00;RBL vs SGE;5;2026-10-03;de.1;16.0;Eintracht Frankfurt;eintracht-frankfurt;45683.0;Classic Goalkeeper;2435.1;;https://maikmitai.com/api/score-history?team=eintracht-frankfurt;2026-10-03T18:11:35+00:00;eintracht-frankfurt;3.0;727.0;https://www.ligainsider.de/jens-grahl_727/;False
2026-10-03T18:13:48+00:00;https://www.base-xi.de/api/players;14920;Malik Pimpong;Eintracht Frankfurt;SGE;Sturm;35;500000;0;0;0;right;-12;-6;;;2;0;17;0;False;0;False;0;;;;;;2025/26;;2026-10-10T17:30:00;RBL vs SGE;5;2026-10-03;de.1;16.0;Eintracht Frankfurt;eintracht-frankfurt;687059.0;False 9;100.0;;https://maikmitai.com/api/score-history?team=eintracht-frankfurt;2026-10-03T18:11:35+00:00;eintracht-frankfurt;3.0;38920.0;https://www.ligainsider.de/malik-pimpong_38920/;False
2026-10-03T18:13:48+00:00;https://www.base-xi.de/api/players;7676;Fabian Rieder;FC Augsburg;FCA;Mittelfeld;32;19259206;30583;309078;32976;up;646;162;111.0;6.0;4;4;93;25843089;False;0;False;0;;2269.0;71.0;32.0;28.0;2025/26;Bundesliga;2026-10-10T14:30:00;FCA vs FCB;5;2026-10-03;de.1;11.0;FC Augsburg;fc-augsburg;449787.0;Box-to-Box Midfielder;3962.4;23.4;https://maikmitai.com/api/score-history?team=fc-augsburg;2026-10-03T18:11:35+00:00;fc-augsburg;21.0;25579.0;https://www.ligainsider.de/fabian-rieder_25579/;True
2026-10-03T18:13:48+00:00;https://www.base-xi.de/api/players;2195;Finn Dahmen;FC Augsburg;FCA;Torwart;1;14609323;10702;-1463779;40702;up;593;148;118.0;8.1;4;4;96;29699574;True;0;False;0;;3060.0;90.0;34.0;34.0;2025/26;Bundesliga;2026-10-10T14:30:00;FCA vs FCB;5;2026-10-03;de.1;11.0;FC Augsburg;fc-augsburg;218361.0;Sweeper;4524.1;30.6;https://maikmitai.com/api/score-history?team=fc-augsburg;2026-10-03T18:11:35+00:00;fc-augsburg;21.0;18728.0;https://www.ligainsider.de/finn-dahmen_18728/;True
2026-10-03T18:13:48+00:00;https://www.base-xi.de/api/players;9642;Chrislain Matsima;FC Augsburg;FCA;Abwehr;5;13903120;-257781;-2392825;-241153;down;498;125;92.0;7.4;4;4;96;15149078;False;0;False;0;;1473.0;82.0;18.0;17.0;2025/26;Bundesliga;2026-10-10T14:30:00;FCA vs FCB;5;2026-10-03;de.1;11.0;FC Augsburg;fc-augsburg;465524.0;Defensive Centre-Back;4703.8;-27.0;https://maikmitai.com/api/score-history?team=fc-augsburg;2026-10-03T18:11:35+00:00;fc-augsburg;21.0;26695.0;https://www.ligainsider.de/chrislain-matsima_26695/;True
2026-10-03T18:13:48+00:00;https://www.base-xi.de/api/players;493;Michael Gregoritsch;FC Augsburg;FCA;Sturm;11;11761355;-133393;-3365586;-103393;down;549;137;96.0;9.0;4;4;74;16195796;False;0;False;0;;1251.0;74.0;17.0;11.0;2025/26;Bundesliga;2026-10-10T14:30:00;FCA vs FCB;5;2026-10-03;de.1;11.0;FC Augsburg;fc-augsburg;62480.0;Target Man;4166.0;38.9;https://maikmitai.com/api/score-history?team=fc-augsburg;2026-10-03T18:11:35+00:00;fc-augsburg;21.0;1512.0;https://www.ligainsider.de/michael-gregoritsch_1512/;True
2026-10-03T18:13:48+00:00;https://www.base-xi.de/api/players;3183;Anton Kade;FC Augsburg;FCA;Sturm;30;11550327;153662;1111907;138720;up;273;273;86.0;9.2;1;1;94;10459167;False;0;False;4;"Nach Muskelbündelriss - trainiert individuell,  FCB (H) ""könnte realistisch sein""";1783.0;64.0;28.0;18.0;2025/26;Bundesliga;2026-10-10T14:30:00;FCA vs FCB;5;2026-10-03;de.1;11.0;FC Augsburg;fc-augsburg;513432.0;Playmaking Winger;4402.9;1.5;https://maikmitai.com/api/score-history?team=fc-augsburg;2026-10-03T18:11:35+00:00;fc-augsburg;21.0;26138.0;https://www.ligainsider.de/anton-kade_26138/;False
2026-10-03T18:13:48+00:00;https://www.base-xi.de/api/players;6168;Robin Fellhauer;FC Augsburg;FCA;Mittelfeld;19;10383526;24744;485354;25909;up;372;93;72.0;7.6;4;4;79;11626096;False;0;False;0;;2209.0;65.0;34.0;31.0;2025/26;Bundesliga;2026-10-10T14:30:00;FCA vs FCB;5;2026-10-03;de.1;11.0;FC Augsburg;fc-augsburg;513033.0;Playmaking Winger;4080.1;-24.2;https://maikmitai.com/api/score-history?team=fc-augsburg;2026-10-03T18:11:35+00:00;fc-augsburg;21.0;24864.0;https://www.ligainsider.de/robin-fellhauer_24864/;True
2026-10-03T18:13:48+00:00;https://www.base-xi.de/api/players;10049;Hennes Behrens;FC Augsburg;FCA;Abwehr;16;10305408;-327461;-3601280;-311587;down;401;100;89.0;8.2;4;4;96;13829864;False;0;False;0;;1093.0;68.0;16.0;15.0;2025/26;Bundesliga;2026-10-10T14:30:00;FCA vs FCB;5;2026-10-03;de.1;11.0;FC Augsburg;fc-augsburg;519073.0;Wing-Back;3725.6;96.0;https://maikmitai.com/api/score-history?team=fc-augsburg;2026-10-03T18:11:35+00:00;fc-augsburg;21.0;37221.0;https://www.ligainsider.de/hennes-behrens_37221/;True
2026-10-03T18:13:48+00:00;https://www.base-xi.de/api/players;7283;Calvin Brackelmann;FC Augsburg;FCA;Abwehr;2;9829146;138897;-451714;168897;up;503;126;95.0;9.5;4;4;89;17442351;True;0;False;0;;2345.0;98.0;24.0;23.0;2025/26;2. Bundesliga;2026-10-10T14:30:00;FCA vs FCB;5;2026-10-03;de.1;11.0;FC Augsburg;fc-augsburg;585070.0;Wide Centre-Back;4464.1;11.3;https://maikmitai.com/api/score-history?team=fc-augsburg;2026-10-03T18:11:35+00:00;fc-augsburg;21.0;12771.0;https://www.ligainsider.de/calvin-brackelmann_12771/;True
2026-10-03T18:13:48+00:00;https://www.base-xi.de/api/players;8355;Noahkai Banks;FC Augsburg;FCA;Abwehr;40;8208756;-237154;-1835739;-294514;down;398;100;84.0;10.5;4;4;96;13631341;False;0;False;2;Angeschlagen - bei der U21-Nationalmannschaft ausgewechselt worden;1668.0;73.0;23.0;20.0;2025/26;Bundesliga;2026-10-10T14:30:00;FCA vs FCB;5;2026-10-03;de.1;11.0;FC Augsburg;fc-augsburg;547187.0;Wide Centre-Back;4705.0;-3.8;https://maikmitai.com/api/score-history?team=fc-augsburg;2026-10-03T18:11:35+00:00;fc-augsburg;21.0;37195.0;https://www.ligainsider.de/noahkai-banks_37195/;True
2026-10-03T18:13:48+00:00;https://www.base-xi.de/api/players;11556;Han-Noah Massengo;FC Augsburg;FCA;Mittelfeld;4;7450578;-208270;-2000884;-185340;down;330;83;75.0;9.5;4;4;82;12420185;False;0;False;0;;1949.0;59.0;33.0;29.0;2025/26;Bundesliga;2026-10-10T14:30:00;FCA vs FCB;5;2026-10-03;de.1;11.0;FC Augsburg;fc-augsburg;437757.0;Ball-Winning Pivot-Player;3871.6;-14.8;https://maikmitai.com/api/score-history?team=fc-augsburg;2026-10-03T18:11:35+00:00;fc-augsburg;21.0;35978.0;https://www.ligainsider.de/han-noah-massengo_35978/;True
2026-10-03T18:13:48+00:00;https://www.base-xi.de/api/players;9684;Alexis Claude-Maurice;FC Augsburg;FCA;Mittelfeld;20;7124231;-323894;-2766422;-326616;down;225;75;59.0;10.9;3;0;38;6744142;False;0;False;0;;2314.0;80.0;29.0;25.0;2025/26;Bundesliga;2026-10-10T14:30:00;FCA vs FCB;5;2026-10-03;de.1;11.0;FC Augsburg;fc-augsburg;218357.0;Drifting Midfielder;4567.0;-12.2;https://maikmitai.com/api/score-history?team=fc-augsburg;2026-10-03T18:11:35+00:00;fc-augsburg;21.0;20630.0;https://www.ligainsider.de/alexis-claude-maurice_20630/;False
2026-10-03T18:13:48+00:00;https://www.base-xi.de/api/players;1809;Marius Wolf;FC Augsburg;FCA;Mittelfeld;27;6394289;-178051;-1572606;-176712;down;444;111;54.0;10.6;4;4;79;6350919;False;0;False;0;;686.0;24.0;29.0;12.0;2025/26;Bundesliga;2026-10-10T14:30:00;FCA vs FCB;5;2026-10-03;de.1;11.0;FC Augsburg;fc-augsburg;192849.0;Wing-Back;3942.7;18.1;https://maikmitai.com/api/score-history?team=fc-augsburg;2026-10-03T18:11:35+00:00;fc-augsburg;21.0;5670.0;https://www.ligainsider.de/marius-wolf_5670/;True
2026-10-03T18:13:48+00:00;https://www.base-xi.de/api/players;3176;Arijon Ibrahimović;FC Augsburg;FCA;Mittelfeld;21;6186234;-241584;-2092825;-225668;down;229;115;64.0;12.3;2;2;60;7289348;False;0;False;0;;1838.0;57.0;32.0;25.0;2025/26;Bundesliga;2026-10-10T14:30:00;FCA vs FCB;5;2026-10-03;de.1;11.0;FC Augsburg;fc-augsburg;505201.0;Pressing Forward;4643.4;-36.1;https://maikmitai.com/api/score-history?team=fc-augsburg;2026-10-03T18:11:35+00:00;fc-augsburg;21.0;27354.0;https://www.ligainsider.de/arijon-ibrahimovic_27354/;False
2026-10-03T18:13:48+00:00;https://www.base-xi.de/api/players;2764;Yannik Keitel;FC Augsburg;FCA;Mittelfeld;14;5512465;287166;2571962;257166;up;3;1;;;3;0;22;0;False;0;False;0;;233.0;39.0;6.0;2.0;2025/26;Bundesliga;2026-10-10T14:30:00;FCA vs FCB;5;2026-10-03;de.1;11.0;FC Augsburg;fc-augsburg;241238.0;Anchor;3128.5;-145.1;https://maikmitai.com/api/score-history?team=fc-augsburg;2026-10-03T18:11:35+00:00;fc-augsburg;21.0;22010.0;https://www.ligainsider.de/yannik-keitel_22010/;False
2026-10-03T18:13:48+00:00;https://www.base-xi.de/api/players;4654;Mert Kömür;FC Augsburg;FCA;Mittelfeld;10;5355458;-754042;-835394;-750000;down;143;36;36.0;8.3;4;1;30;2905815;False;0;False;0;;1481.0;53.0;28.0;17.0;2025/26;Bundesliga;2026-10-10T14:30:00;FCA vs FCB;5;2026-10-03;de.1;11.0;FC Augsburg;fc-augsburg;550661.0;10;4031.4;-10.6;https://maikmitai.com/api/score-history?team=fc-augsburg;2026-10-03T18:11:35+00:00;fc-augsburg;21.0;27169.0;https://www.ligainsider.de/mert-koemuer_27169/;False
2026-10-03T18:13:48+00:00;https://www.base-xi.de/api/players;12341;Rodrigo Ribeiro;FC Augsburg;FCA;Sturm;9;2725387;-81197;-722498;-83128;down;132;33;18.0;13.0;4;0;22;646346;False;0;False;0;;529.0;38.0;14.0;6.0;2025/26;Bundesliga;2026-10-10T14:30:00;FCA vs FCB;5;2026-10-03;de.1;11.0;FC Augsburg;fc-augsburg;551232.0;Advanced Forward;3596.8;-11.6;https://maikmitai.com/api/score-history?team=fc-augsburg;2026-10-03T18:11:35+00:00;fc-augsburg;21.0;27435.0;https://www.ligainsider.de/rodrigo-ribeiro_27435/;False
2026-10-03T18:13:48+00:00;https://www.base-xi.de/api/players;1811;Jeffrey Gouweleeuw;FC Augsburg;FCA;Abwehr;6;2506645;-116624;-907666;-116308;down;44;15;45.0;16.7;3;0;8;3058324;False;1;False;0;;684.0;62.0;11.0;10.0;2025/26;Bundesliga;2026-10-10T14:30:00;FCA vs FCB;5;2026-10-03;de.1;11.0;FC Augsburg;fc-augsburg;93683.0;Defensive Centre-Back;4458.7;-1.2;https://maikmitai.com/api/score-history?team=fc-augsburg;2026-10-03T18:11:35+00:00;fc-augsburg;21.0;1851.0;https://www.ligainsider.de/jeffrey-gouweleeuw_1851/;True
2026-10-03T18:13:48+00:00;https://www.base-xi.de/api/players;9754;Juma Bah;FC Augsburg;FCA;Abwehr;35;1324211;-140150;-1383412;-128456;down;0;0;;;0;0;0;0;False;0;False;0;;;;;;2025/26;;2026-10-10T14:30:00;FCA vs FCB;5;2026-10-03;de.1;11.0;FC Augsburg;fc-augsburg;632880.0;Defensive Centre-Back;4319.4;;https://maikmitai.com/api/score-history?team=fc-augsburg;2026-10-03T18:11:35+00:00;fc-augsburg;21.0;39047.0;https://www.ligainsider.de/juma-bah_39047/;False
2026-10-03T18:13:48+00:00;https://www.base-xi.de/api/players;9965;Faik Sakar;FC Augsburg;FCA;Mittelfeld;23;500000;0;0;0;right;0;0;;;0;0;0;0;False;0;False;2;;;;;;2025/26;;2026-10-10T14:30:00;FCA vs FCB;5;2026-10-03;de.1;11.0;FC Augsburg;fc-augsburg;625805.0;Inverted Winger;2348.3;0.9;https://maikmitai.com/api/score-history?team=fc-augsburg;2026-10-03T18:11:35+00:00;fc-augsburg;21.0;37237.0;https://www.ligainsider.de/faik-sakar_37237/;False
2026-10-03T18:13:48+00:00;https://www.base-xi.de/api/players;7696;Nediljko Labrović;FC Augsburg;FCA;Torwart;22;500000;0;0;0;right;0;0;;;0;0;0;0;False;0;False;0;;0.0;;0.0;0.0;2025/26;;2026-10-10T14:30:00;FCA vs FCB;5;2026-10-03;de.1;11.0;FC Augsburg;fc-augsburg;511251.0;Sweeper;3521.5;-0.1;https://maikmitai.com/api/score-history?team=fc-augsburg;2026-10-03T18:11:35+00:00;fc-augsburg;21.0;37153.0;https://www.ligainsider.de/nediljko-labrovic_37153/;False
2026-10-03T18:13:48+00:00;https://www.base-xi.de/api/players;7336;Sima Suso;FC Augsburg;FCA;Mittelfeld;8;500000;0;0;0;right;0;0;19.0;;0;0;0;0;False;0;False;1;Adduktorenverletzung - fällt vorerst aus;1015.0;42.0;24.0;17.0;2025/26;2. Bundesliga;2026-10-10T14:30:00;FCA vs FCB;5;2026-10-03;de.1;11.0;FC Augsburg;fc-augsburg;558681.0;Ball-Winning Pivot-Player;3537.1;;https://maikmitai.com/api/score-history?team=fc-augsburg;2026-10-03T18:11:35+00:00;fc-augsburg;21.0;36794.0;https://www.ligainsider.de/sima-suso_36794/;False
2026-10-03T18:13:48+00:00;https://www.base-xi.de/api/players;13671;Tom Wisbereit;FC Augsburg;FCA;Torwart;48;500000;0;0;0;right;0;0;;;0;0;0;0;False;0;False;0;;;;;;2025/26;;2026-10-10T14:30:00;FCA vs FCB;5;;;;;;;;;;;;fc-augsburg;21.0;38837.0;https://www.ligainsider.de/tom-wisbereit_38837/;False
2026-10-03T18:13:48+00:00;https://www.base-xi.de/api/players;13479;Uchenna Ogundu;FC Augsburg;FCA;Sturm;39;500000;0;0;0;right;0;0;;;0;0;0;0;False;0;False;0;;88.0;18.0;5.0;0.0;2025/26;Bundesliga;2026-10-10T14:30:00;FCA vs FCB;5;2026-10-03;de.1;11.0;FC Augsburg;fc-augsburg;679396.0;Deep-Lying Forward;3677.6;;https://maikmitai.com/api/score-history?team=fc-augsburg;2026-10-03T18:11:35+00:00;fc-augsburg;21.0;38810.0;https://www.ligainsider.de/uchenna-ogundu_38810/;False
2026-10-03T18:13:48+00:00;https://www.base-xi.de/api/players;13806;Young-Woo Seol;FC Augsburg;FCA;Abwehr;7;500000;0;-521596;0;right;88;22;;;4;0;16;0;False;0;False;0;;;;;;2025/26;;2026-10-10T14:30:00;FCA vs FCB;5;2026-10-03;de.1;11.0;FC Augsburg;fc-augsburg;183364.0;Inverted Full-Back;4257.9;-9.6;https://maikmitai.com/api/score-history?team=fc-augsburg;2026-10-03T18:11:35+00:00;fc-augsburg;21.0;37667.0;https://www.ligainsider.de/youngwoo-seol_37667/;False
2026-10-03T18:13:48+00:00;https://www.base-xi.de/api/players;7226;Harry Kane;FC Bayern München;FCB;Sturm;9;64921071;5919;45917;6014;up;697;174;185.0;3.0;4;3;77;67365662;False;0;False;0;;6703.0;216.0;31.0;25.0;2025/26;Bundesliga;2026-10-10T14:30:00;FCA vs FCB;5;2026-10-03;de.1;1.0;FC Bayern München;fc-bayern-munchen;78830.0;Deep-Lying Forward;5618.4;10.8;https://maikmitai.com/api/score-history?team=fc-bayern-munchen;2026-10-03T18:11:35+00:00;fc-bayern-muenchen;1.0;4828.0;https://www.ligainsider.de/harry-kane_4828/;False
2026-10-03T18:13:48+00:00;https://www.base-xi.de/api/players;8329;Michael Olise;FC Bayern München;FCB;Mittelfeld;17;64475013;11247;80326;11606;up;1269;317;209.0;4.2;4;3;81;85918924;False;0;False;0;;7185.0;225.0;32.0;23.0;2025/26;Bundesliga;2026-10-10T14:30:00;FCA vs FCB;5;2026-10-03;de.1;1.0;FC Bayern München;fc-bayern-munchen;443661.0;Attacking Winger;6591.7;-106.9;https://maikmitai.com/api/score-history?team=fc-bayern-munchen;2026-10-03T18:11:35+00:00;fc-bayern-muenchen;1.0;37170.0;https://www.ligainsider.de/michael-olise_37170/;False
2026-10-03T18:13:48+00:00;https://www.base-xi.de/api/players;1685;Joshua Kimmich;FC Bayern München;FCB;Mittelfeld;6;59596209;1554;23542;1540;up;865;216;214.0;3.4;4;3;79;86728336;False;0;False;0;;5391.0;186.0;29.0;24.0;2025/26;Bundesliga;2026-10-10T14:30:00;FCA vs FCB;5;2026-10-03;de.1;1.0;FC Bayern München;fc-bayern-munchen;165687.0;Deep-Lying Playmaker;6915.4;59.9;https://maikmitai.com/api/score-history?team=fc-bayern-munchen;2026-10-03T18:11:35+00:00;fc-bayern-muenchen;1.0;5768.0;https://www.ligainsider.de/joshua-kimmich_5768/;True
2026-10-03T18:13:48+00:00;https://www.base-xi.de/api/players;11675;Luis Díaz;FC Bayern München;FCB;Sturm;14;46760988;24845;-495644;27762;up;534;134;131.0;3.3;4;3;71;35394542;False;0;False;0;;5698.0;178.0;32.0;27.0;2025/26;Bundesliga;2026-10-10T14:30:00;FCA vs FCB;5;2026-10-03;de.1;1.0;FC Bayern München;fc-bayern-munchen;244731.0;Attacking Winger;5224.3;-95.8;https://maikmitai.com/api/score-history?team=fc-bayern-munchen;2026-10-03T18:11:35+00:00;fc-bayern-muenchen;1.0;22566.0;https://www.ligainsider.de/luis-diaz_22566/;False
2026-10-03T18:13:48+00:00;https://www.base-xi.de/api/players;6080;Aleksandar Pavlović;FC Bayern München;FCB;Mittelfeld;45;34908188;54510;303150;58082;up;838;210;154.0;4.7;4;4;81;43641435;False;0;False;0;;2844.0;118.0;24.0;16.0;2025/26;Bundesliga;2026-10-10T14:30:00;FCA vs FCB;5;2026-10-03;de.1;1.0;FC Bayern München;fc-bayern-munchen;515675.0;Offensive Pivot-Player;5191.8;30.9;https://maikmitai.com/api/score-history?team=fc-bayern-munchen;2026-10-03T18:11:35+00:00;fc-bayern-muenchen;1.0;35918.0;https://www.ligainsider.de/aleksandar-pavlovic_35918/;False
2026-10-03T18:13:48+00:00;https://www.base-xi.de/api/players;1991;Dayot Upamecano;FC Bayern München;FCB;Abwehr;2;29761931;-388476;-3421176;-363105;down;712;178;144.0;5.0;4;4;84;38418724;False;0;False;0;;2858.0;119.0;24.0;21.0;2025/26;Bundesliga;2026-10-10T14:30:00;FCA vs FCB;5;2026-10-03;de.1;1.0;FC Bayern München;fc-bayern-munchen;199661.0;Deep-Lying Playmaker;5249.1;52.5;https://maikmitai.com/api/score-history?team=fc-bayern-munchen;2026-10-03T18:11:35+00:00;fc-bayern-muenchen;1.0;11541.0;https://www.ligainsider.de/dayot-upamecano_11541/;True
2026-10-03T18:13:48+00:00;https://www.base-xi.de/api/players;173;Jonathan Tah;FC Bayern München;FCB;Abwehr;4;28120517;-46361;-1427730;-16361;down;449;150;139.0;4.9;3;2;67;33853105;True;0;False;0;;3559.0;127.0;28.0;23.0;2025/26;Bundesliga;2026-10-10T14:30:00;FCA vs FCB;5;2026-10-03;de.1;1.0;FC Bayern München;fc-bayern-munchen;164454.0;Deep-Lying Playmaker;5240.8;37.7;https://maikmitai.com/api/score-history?team=fc-bayern-munchen;2026-10-03T18:11:35+00:00;fc-bayern-muenchen;1.0;2385.0;https://www.ligainsider.de/jonathan-tah_2385/;True
2026-10-03T18:13:48+00:00;https://www.base-xi.de/api/players;14251;Ismael Saibari;FC Bayern München;FCB;Sturm;34;27825858;45126;258683;43564;up;581;145;;;4;2;48;0;False;0;False;0;;;;;;2025/26;;2026-10-10T14:30:00;FCA vs FCB;5;2026-10-03;de.1;1.0;FC Bayern München;fc-bayern-munchen;492963.0;Deep-Lying Forward;4554.8;5.8;https://maikmitai.com/api/score-history?team=fc-bayern-munchen;2026-10-03T18:11:35+00:00;fc-bayern-muenchen;1.0;25609.0;https://www.ligainsider.de/ismael-saibari_25609/;True
2026-10-03T18:13:48+00:00;https://www.base-xi.de/api/players;2804;Jamal Musiala;FC Bayern München;FCB;Mittelfeld;10;20761916;-526281;-5059735;-705769;down;446;149;72.0;5.8;3;1;54;7992941;False;0;False;1;Muskelfaserriss im rechten Oberschenkel - fällt drei bis vier Wochen aus;1476.0;98.0;15.0;7.0;2025/26;Bundesliga;2026-10-10T14:30:00;FCA vs FCB;5;2026-10-03;de.1;1.0;FC Bayern München;fc-bayern-munchen;244857.0;Deep-Lying Forward;5727.8;58.2;https://maikmitai.com/api/score-history?team=fc-bayern-munchen;2026-10-03T18:11:35+00:00;fc-bayern-muenchen;1.0;24149.0;https://www.ligainsider.de/jamal-musiala_24149/;False
2026-10-03T18:13:48+00:00;https://www.base-xi.de/api/players;2038;Konrad Laimer;FC Bayern München;FCB;Abwehr;27;20601934;-40655;-2035535;-10655;down;236;118;123.0;6.3;2;2;95;24100599;True;0;False;0;;3943.0;136.0;29.0;22.0;2025/26;Bundesliga;2026-10-10T14:30:00;FCA vs FCB;5;2026-10-03;de.1;1.0;FC Bayern München;fc-bayern-munchen;109126.0;Inverted Full-Back;4868.0;-48.9;https://maikmitai.com/api/score-history?team=fc-bayern-munchen;2026-10-03T18:11:35+00:00;fc-bayern-muenchen;1.0;6324.0;https://www.ligainsider.de/konrad-laimer_6324/;True
2026-10-03T18:13:48+00:00;https://www.base-xi.de/api/players;2366;Alphonso Davies;FC Bayern München;FCB;Abwehr;19;19154860;178900;1079988;181498;up;763;191;133.0;7.2;4;3;71;28379533;False;0;False;0;;1116.0;86.0;13.0;6.0;2025/26;Bundesliga;2026-10-10T14:30:00;FCA vs FCB;5;2026-10-03;de.1;1.0;FC Bayern München;fc-bayern-munchen;225059.0;Drifting Midfielder;5410.8;-127.4;https://maikmitai.com/api/score-history?team=fc-bayern-munchen;2026-10-03T18:11:35+00:00;fc-bayern-muenchen;1.0;20098.0;https://www.ligainsider.de/alphonso-davies_20098/;True
2026-10-03T18:13:48+00:00;https://www.base-xi.de/api/players;3120;Tom Bischof;FC Bayern München;FCB;Mittelfeld;8;16616516;-73314;-1000382;-43314;down;397;99;78.0;6.5;4;1;32;12303711;False;0;False;0;;3077.0;118.0;26.0;14.0;2025/26;Bundesliga;2026-10-10T14:30:00;FCA vs FCB;5;2026-10-03;de.1;1.0;FC Bayern München;fc-bayern-munchen;519086.0;Mobile Playmaker;5451.7;342.4;https://maikmitai.com/api/score-history?team=fc-bayern-munchen;2026-10-03T18:11:35+00:00;fc-bayern-muenchen;1.0;26133.0;https://www.ligainsider.de/tom-bischof_26133/;False
2026-10-03T18:13:48+00:00;https://www.base-xi.de/api/players;3543;Nathaniel Brown;FC Bayern München;FCB;Abwehr;11;15792947;-397187;-3197275;-383270;down;242;61;71.0;4.6;4;3;47;11192804;False;0;False;0;;2726.0;83.0;33.0;29.0;2025/26;Bundesliga;2026-10-10T14:30:00;FCA vs FCB;5;2026-10-03;de.1;1.0;FC Bayern München;fc-bayern-munchen;515352.0;Inverted Full-Back;4627.3;99.8;https://maikmitai.com/api/score-history?team=fc-bayern-munchen;2026-10-03T18:11:35+00:00;fc-bayern-muenchen;1.0;35857.0;https://www.ligainsider.de/nathaniel-brown_35857/;True
2026-10-03T18:13:48+00:00;https://www.base-xi.de/api/players;2300;Josip Stanišić;FC Bayern München;FCB;Abwehr;44;15207348;-538512;-1755480;-607103;down;319;106;117.0;7.8;3;2;72;23744146;False;0;False;2;Krankheit - verpasst Nationalmannschaftsduell ;3330.0;128.0;26.0;19.0;2025/26;Bundesliga;2026-10-10T14:30:00;FCA vs FCB;5;2026-10-03;de.1;1.0;FC Bayern München;fc-bayern-munchen;437921.0;Inverted Full-Back;5354.0;-106.8;https://maikmitai.com/api/score-history?team=fc-bayern-munchen;2026-10-03T18:11:35+00:00;fc-bayern-muenchen;1.0;20102.0;https://www.ligainsider.de/josip-stanisic_20102/;True
2026-10-03T18:13:48+00:00;https://www.base-xi.de/api/players;10789;Lennart Karl;FC Bayern München;FCB;Mittelfeld;42;15199718;-224414;-2343364;-206057;down;280;93;85.0;6.6;3;2;46;12945277;False;0;False;0;;2765.0;106.0;26.0;16.0;2025/26;Bundesliga;2026-10-10T14:30:00;FCA vs FCB;5;2026-10-03;de.1;1.0;FC Bayern München;fc-bayern-munchen;648440.0;Inverted Winger;4390.8;-74.4;https://maikmitai.com/api/score-history?team=fc-bayern-munchen;2026-10-03T18:11:35+00:00;fc-bayern-muenchen;1.0;38411.0;https://www.ligainsider.de/lennart-karl_38411/;False
2026-10-03T18:13:48+00:00;https://www.base-xi.de/api/players;1961;Serge Gnabry;FC Bayern München;FCB;Mittelfeld;7;14945008;60789;415845;63214;up;34;34;110.0;8.1;1;0;16;14621421;False;0;False;0;;2980.0;142.0;21.0;16.0;2025/26;Bundesliga;2026-10-10T14:30:00;FCA vs FCB;5;2026-10-03;de.1;1.0;FC Bayern München;fc-bayern-munchen;133798.0;Mobile Playmaker;4877.7;;https://maikmitai.com/api/score-history?team=fc-bayern-munchen;2026-10-03T18:11:35+00:00;fc-bayern-muenchen;1.0;4815.0;https://www.ligainsider.de/serge-gnabry_4815/;True
2026-10-03T18:13:48+00:00;https://www.base-xi.de/api/players;237;Manuel Neuer;FC Bayern München;FCB;Torwart;1;12737109;59829;257738;61054;up;428;143;116.0;9.1;3;3;95;22053475;False;0;False;0;;2083.0;95.0;22.0;22.0;2025/26;Bundesliga;2026-10-10T14:30:00;FCA vs FCB;5;2026-10-03;de.1;1.0;FC Bayern München;fc-bayern-munchen;20388.0;Sweeper;5281.5;52.4;https://maikmitai.com/api/score-history?team=fc-bayern-munchen;2026-10-03T18:11:35+00:00;fc-bayern-muenchen;1.0;114.0;https://www.ligainsider.de/manuel-neuer_114/;True
2026-10-03T18:13:48+00:00;https://www.base-xi.de/api/players;6668;Kim Minjae;FC Bayern München;FCB;Abwehr;3;9535587;51106;-1141908;72420;up;327;109;122.0;12.3;3;2;77;25347925;True;0;False;0;;3112.0;124.0;25.0;19.0;2025/26;Bundesliga;2026-10-10T14:30:00;FCA vs FCB;5;;;;;;;;;;;;;;;;False
2026-10-03T18:13:48+00:00;https://www.base-xi.de/api/players;12314;Bara Sapoko Ndiaye;FC Bayern München;FCB;Mittelfeld;39;4845689;303472;2221116;297680;up;0;0;;;0;0;0;0;False;0;False;0;;194.0;48.0;4.0;2.0;2025/26;Bundesliga;2026-10-10T14:30:00;FCA vs FCB;5;2026-10-03;de.1;1.0;FC Bayern München;fc-bayern-munchen;704138.0;Deep-Lying Playmaker;2870.8;;https://maikmitai.com/api/score-history?team=fc-bayern-munchen;2026-10-03T18:11:35+00:00;fc-bayern-muenchen;1.0;38779.0;https://www.ligainsider.de/bara-sapoko-ndiaye_38779/;False
2026-10-03T18:13:48+00:00;https://www.base-xi.de/api/players;3072;Jonas Urbig;FC Bayern München;FCB;Torwart;40;3610503;-66602;-678281;-62216;down;83;83;104.0;29.9;1;1;98;11285681;False;0;False;0;;1591.0;114.0;14.0;11.0;2025/26;Bundesliga;2026-10-10T14:30:00;FCA vs FCB;5;2026-10-03;de.1;1.0;FC Bayern München;fc-bayern-munchen;494589.0;Sweeper;4148.1;;https://maikmitai.com/api/score-history?team=fc-bayern-munchen;2026-10-03T18:11:35+00:00;fc-bayern-muenchen;1.0;26101.0;https://www.ligainsider.de/jonas-urbig_26101/;False
2026-10-03T18:13:48+00:00;https://www.base-xi.de/api/players;3089;Hiroki Ito;FC Bayern München;FCB;Abwehr;21;1387568;-103342;-853762;-101866;down;0;0;98.0;;0;0;0;0;False;1;False;0;;1652.0;103.0;16.0;10.0;2025/26;Bundesliga;2026-10-10T14:30:00;FCA vs FCB;5;2026-10-03;de.1;1.0;FC Bayern München;fc-bayern-munchen;248811.0;Inverted Full-Back;5004.4;;https://maikmitai.com/api/score-history?team=fc-bayern-munchen;2026-10-03T18:11:35+00:00;fc-bayern-muenchen;1.0;26128.0;https://www.ligainsider.de/hiroki-ito_26128/;False
2026-10-03T18:13:48+00:00;https://www.base-xi.de/api/players;383;Sven Ulreich;FC Bayern München;FCB;Torwart;26;500000;0;0;0;right;0;0;;;0;0;0;0;False;0;False;0;;125.0;125.0;1.0;1.0;2025/26;Bundesliga;2026-10-10T14:30:00;FCA vs FCB;5;2026-10-03;de.1;1.0;FC Bayern München;fc-bayern-munchen;49431.0;Sweeper;4566.3;;https://maikmitai.com/api/score-history?team=fc-bayern-munchen;2026-10-03T18:11:35+00:00;fc-bayern-muenchen;1.0;205.0;https://www.ligainsider.de/sven-ulreich_205/;False
2026-10-03T18:13:48+00:00;https://www.base-xi.de/api/players;15502;Tim Binder;FC Bayern München;FCB;Mittelfeld;0;500000;0;0;0;right;0;0;;;0;0;0;0;False;0;False;0;;;;;;2025/26;;2026-10-10T14:30:00;FCA vs FCB;5;;;;;;;;;;;;;;;;False
2026-10-03T18:13:48+00:00;https://www.base-xi.de/api/players;11255;Nikola Katic;FC Schalke 04;S04;Abwehr;25;14456553;57908;738890;48195;up;525;131;99.0;6.9;4;4;92;19346619;False;0;False;0;;2854.0;110.0;26.0;25.0;2025/26;2. Bundesliga;2026-10-11T16:30:00;SCF vs S04;5;2026-10-03;de.1;15.0;FC Schalke 04;fc-schalke-04;186348.0;Defensive Centre-Back;4199.2;42.4;https://maikmitai.com/api/score-history?team=fc-schalke-04;2026-10-03T18:11:35+00:00;fc-schalke-04;13.0;23002.0;https://www.ligainsider.de/nikola-katic_23002/;True
2026-10-03T18:13:48+00:00;https://www.base-xi.de/api/players;32;Loris Karius;FC Schalke 04;S04;Torwart;1;13674388;-89826;-2050636;-59826;down;500;125;102.0;7.3;4;4;97;21498493;False;0;False;0;;3661.0;122.0;30.0;30.0;2025/26;2. Bundesliga;2026-10-11T16:30:00;SCF vs S04;5;2026-10-03;de.1;15.0;FC Schalke 04;fc-schalke-04;104542.0;Sweeper;5069.2;13.8;https://maikmitai.com/api/score-history?team=fc-schalke-04;2026-10-03T18:11:35+00:00;fc-schalke-04;13.0;1641.0;https://www.ligainsider.de/loris-karius_1641/;True
2026-10-03T18:13:48+00:00;https://www.base-xi.de/api/players;13448;Adil Aouchiche;FC Schalke 04;S04;Mittelfeld;24;11478356;-393131;-1797081;-380307;down;428;107;98.0;8.6;4;4;84;16130707;False;0;False;0;;2091.0;149.0;14.0;13.0;2025/26;2. Bundesliga;2026-10-11T16:30:00;SCF vs S04;5;2026-10-03;de.1;15.0;FC Schalke 04;fc-schalke-04;465676.0;Raumdeuter;4608.6;95.7;https://maikmitai.com/api/score-history?team=fc-schalke-04;2026-10-03T18:11:35+00:00;fc-schalke-04;13.0;22176.0;https://www.ligainsider.de/adil-aouchiche_22176/;False
2026-10-03T18:13:48+00:00;https://www.base-xi.de/api/players;4406;Éric Dina Ebimbe;FC Schalke 04;S04;Mittelfeld;29;9848298;168368;1656540;150500;up;213;53;;;4;2;69;0;False;0;False;0;;0.0;;0.0;0.0;2025/26;;2026-10-11T16:30:00;SCF vs S04;5;;;;;;;;;;;;;;;;False
2026-10-03T18:13:48+00:00;https://www.base-xi.de/api/players;4606;Hasan Kuruçay;FC Schalke 04;S04;Abwehr;4;9774228;-196671;-1570744;-166671;down;384;96;85.0;8.3;4;4;84;15208438;False;0;False;0;;3267.0;109.0;30.0;28.0;2025/26;2. Bundesliga;2026-10-11T16:30:00;SCF vs S04;5;2026-10-03;de.1;15.0;FC Schalke 04;fc-schalke-04;240737.0;Wide Centre-Back;4172.6;51.8;https://maikmitai.com/api/score-history?team=fc-schalke-04;2026-10-03T18:11:35+00:00;fc-schalke-04;13.0;35927.0;https://www.ligainsider.de/hasan-kurucay_35927/;True
2026-10-03T18:13:48+00:00;https://www.base-xi.de/api/players;2967;Soufiane El-Faouzi;FC Schalke 04;S04;Mittelfeld;23;9601514;-479966;-4133648;-464568;down;329;82;65.0;7.2;4;4;97;9574264;False;0;False;0;;3120.0;92.0;34.0;34.0;2025/26;2. Bundesliga;2026-10-11T16:30:00;SCF vs S04;5;2026-10-03;de.1;15.0;FC Schalke 04;fc-schalke-04;537147.0;Box-to-Box Midfielder;3542.0;17.8;https://maikmitai.com/api/score-history?team=fc-schalke-04;2026-10-03T18:11:35+00:00;fc-schalke-04;13.0;26067.0;https://www.ligainsider.de/soufiane-el-faouzi_26067/;True
2026-10-03T18:13:48+00:00;https://www.base-xi.de/api/players;2449;Hee-Chan Hwang;FC Schalke 04;S04;Sturm;7;8298039;146542;1882643;118192;up;108;54;;;2;0;23;0;False;0;False;0;;;;;;2025/26;;2026-10-11T16:30:00;SCF vs S04;5;2026-10-03;de.1;15.0;FC Schalke 04;fc-schalke-04;184754.0;Drifting Midfielder;3125.6;-332.3;https://maikmitai.com/api/score-history?team=fc-schalke-04;2026-10-03T18:11:35+00:00;fc-schalke-04;13.0;12138.0;https://www.ligainsider.de/heechan-hwang_12138/;False
2026-10-03T18:13:48+00:00;https://www.base-xi.de/api/players;7242;Robin Gosens;FC Schalke 04;S04;Abwehr;8;7953539;-261687;-3159364;-257916;down;321;80;;;4;3;62;0;False;0;False;0;;;;;;2025/26;;2026-10-11T16:30:00;SCF vs S04;5;2026-10-03;de.1;15.0;FC Schalke 04;fc-schalke-04;177901.0;Wing-Back;4529.8;5.6;https://maikmitai.com/api/score-history?team=fc-schalke-04;2026-10-03T18:11:35+00:00;fc-schalke-04;13.0;16537.0;https://www.ligainsider.de/robin-gosens_16537/;True
2026-10-03T18:13:48+00:00;https://www.base-xi.de/api/players;2762;Timo Becker;FC Schalke 04;S04;Abwehr;5;7348118;-337106;-2870694;-402007;down;353;88;70.0;9.2;4;4;89;10018771;False;0;False;2;;2039.0;78.0;26.0;24.0;2025/26;2. Bundesliga;2026-10-11T16:30:00;SCF vs S04;5;2026-10-03;de.1;15.0;FC Schalke 04;fc-schalke-04;228726.0;Wide Centre-Back;3961.6;14.5;https://maikmitai.com/api/score-history?team=fc-schalke-04;2026-10-03T18:11:35+00:00;fc-schalke-04;13.0;11068.0;https://www.ligainsider.de/timo-becker_11068/;True
2026-10-03T18:13:48+00:00;https://www.base-xi.de/api/players;670;Kenan Karaman;FC Schalke 04;S04;Sturm;19;7037208;-249225;-1936920;-247086;down;184;61;73.0;9.7;3;2;61;10510550;False;0;False;0;;3844.0;120.0;32.0;31.0;2025/26;2. Bundesliga;2026-10-11T16:30:00;SCF vs S04;5;2026-10-03;de.1;15.0;FC Schalke 04;fc-schalke-04;165172.0;Inverted Winger;3827.9;-1.1;https://maikmitai.com/api/score-history?team=fc-schalke-04;2026-10-03T18:11:35+00:00;fc-schalke-04;13.0;2676.0;https://www.ligainsider.de/kenan-karaman_2676/;True
2026-10-03T18:13:48+00:00;https://www.base-xi.de/api/players;7156;Maximilian Wöber;FC Schalke 04;S04;Abwehr;39;5297733;-851443;-972273;-750000;down;150;38;;;4;0;26;0;False;0;False;0;;66.0;33.0;2.0;0.0;2025/26;Bundesliga;2026-10-11T16:30:00;SCF vs S04;5;2026-10-03;de.1;15.0;FC Schalke 04;fc-schalke-04;220087.0;Wing-Back;3100.4;-419.7;https://maikmitai.com/api/score-history?team=fc-schalke-04;2026-10-03T18:11:35+00:00;fc-schalke-04;13.0;11916.0;https://www.ligainsider.de/maximilian-woeber_11916/;False
2026-10-03T18:13:48+00:00;https://www.base-xi.de/api/players;8235;Adrian Gantenbein;FC Schalke 04;S04;Abwehr;17;5231413;205230;2196920;175230;up;0;0;29.0;;0;0;0;0;False;0;False;0;;888.0;47.0;19.0;10.0;2025/26;2. Bundesliga;2026-10-11T16:30:00;SCF vs S04;5;2026-10-03;de.1;15.0;FC Schalke 04;fc-schalke-04;549985.0;Wing-Back;3718.1;;https://maikmitai.com/api/score-history?team=fc-schalke-04;2026-10-03T18:11:35+00:00;fc-schalke-04;13.0;37275.0;https://www.ligainsider.de/adrian-gantenbein_37275/;False
2026-10-03T18:13:48+00:00;https://www.base-xi.de/api/players;12297;Satoshi Tanaka;FC Schalke 04;S04;Mittelfeld;13;4968113;-211158;-2072467;-183936;down;260;87;62.0;12.3;3;3;93;5818603;False;0;False;0;;881.0;68.0;13.0;12.0;2025/26;2. Bundesliga;2026-10-11T16:30:00;SCF vs S04;5;2026-10-03;de.1;15.0;FC Schalke 04;fc-schalke-04;494868.0;Ball-Winning Pivot-Player;3762.6;6.3;https://maikmitai.com/api/score-history?team=fc-schalke-04;2026-10-03T18:11:35+00:00;fc-schalke-04;13.0;38876.0;https://www.ligainsider.de/satoshi-tanaka_38876/;True
2026-10-03T18:13:48+00:00;https://www.base-xi.de/api/players;8222;Moussa Sylla;FC Schalke 04;S04;Sturm;9;4090558;-117365;-1276123;-121408;down;49;16;31.0;8.2;3;2;73;2014246;False;0;False;0;;2311.0;77.0;30.0;25.0;2025/26;2. Bundesliga;2026-10-11T16:30:00;SCF vs S04;5;2026-10-03;de.1;15.0;FC Schalke 04;fc-schalke-04;240149.0;Target Man;3462.3;-11.2;https://maikmitai.com/api/score-history?team=fc-schalke-04;2026-10-03T18:11:35+00:00;fc-schalke-04;13.0;16217.0;https://www.ligainsider.de/moussa-sylla_16217/;True
2026-10-03T18:13:48+00:00;https://www.base-xi.de/api/players;6172;Junior Adamu;FC Schalke 04;S04;Sturm;20;3570100;-108211;-814530;-108130;down;145;73;45.0;15.6;2;2;71;2489963;False;0;False;0;;419.0;47.0;9.0;7.0;2025/26;Bundesliga;2026-10-11T16:30:00;SCF vs S04;5;2026-10-03;de.1;15.0;FC Schalke 04;fc-schalke-04;436454.0;Target Man;3139.9;-16.7;https://maikmitai.com/api/score-history?team=fc-schalke-04;2026-10-03T18:11:35+00:00;fc-schalke-04;13.0;24620.0;https://www.ligainsider.de/junior-adamu_24620/;False
2026-10-03T18:13:48+00:00;https://www.base-xi.de/api/players;12158;Luca Vozar;FC Schalke 04;S04;Mittelfeld;38;3423864;-296407;259372;-326407;down;5;5;;;1;0;19;0;False;0;False;0;;;;;;2025/26;;2026-10-11T16:30:00;SCF vs S04;5;2026-10-03;de.1;15.0;FC Schalke 04;fc-schalke-04;685541.0;Defensive Full-Back;2841.5;2741.5;https://maikmitai.com/api/score-history?team=fc-schalke-04;2026-10-03T18:11:35+00:00;fc-schalke-04;13.0;38892.0;https://www.ligainsider.de/luca-vozar_38892/;False
2026-10-03T18:13:48+00:00;https://www.base-xi.de/api/players;1012;Edin Džeko;FC Schalke 04;S04;Sturm;10;3145081;-96969;-807045;-95706;down;59;20;38.0;16.8;3;1;34;2218608;False;0;False;0;;1396.0;127.0;11.0;6.0;2025/26;2. Bundesliga;2026-10-11T16:30:00;SCF vs S04;5;2026-10-03;de.1;15.0;FC Schalke 04;fc-schalke-04;42544.0;Target Man;4979.0;-23.1;https://maikmitai.com/api/score-history?team=fc-schalke-04;2026-10-03T18:11:35+00:00;fc-schalke-04;13.0;4755.0;https://www.ligainsider.de/edin-dzeko_4755/;False
2026-10-03T18:13:48+00:00;https://www.base-xi.de/api/players;3029;Dejan Ljubičić;FC Schalke 04;S04;Mittelfeld;21;3102806;-127425;-974623;-178238;down;119;40;46.0;17.0;3;3;63;3414381;False;0;False;1;Knieverletzung - fällt bis auf Weiteres aus;1525.0;102.0;15.0;15.0;2025/26;2. Bundesliga;2026-10-11T16:30:00;SCF vs S04;5;2026-10-03;de.1;15.0;FC Schalke 04;fc-schalke-04;429631.0;10;3139.0;4.5;https://maikmitai.com/api/score-history?team=fc-schalke-04;2026-10-03T18:11:35+00:00;fc-schalke-04;13.0;24396.0;https://www.ligainsider.de/dejan-ljubicic_24396/;False
2026-10-03T18:13:48+00:00;https://www.base-xi.de/api/players;8277;Vitalie Becker;FC Schalke 04;S04;Abwehr;33;1352539;-116939;-906652;-116728;down;36;12;33.0;24.7;3;1;37;1997723;False;1;False;0;;1697.0;81.0;21.0;18.0;2025/26;2. Bundesliga;2026-10-11T16:30:00;SCF vs S04;5;2026-10-03;de.1;15.0;FC Schalke 04;fc-schalke-04;632766.0;Wing-Back;2943.6;-0.8;https://maikmitai.com/api/score-history?team=fc-schalke-04;2026-10-03T18:11:35+00:00;fc-schalke-04;13.0;37365.0;https://www.ligainsider.de/vitalie-becker_37365/;False
2026-10-03T18:13:48+00:00;https://www.base-xi.de/api/players;10916;Mert Can Ayhan;FC Schalke 04;S04;Abwehr;43;894264;-124758;-951155;-123440;down;-13;-7;27.0;28.3;2;0;18;1313534;False;1;False;0;;1847.0;68.0;27.0;20.0;2025/26;2. Bundesliga;2026-10-11T16:30:00;SCF vs S04;5;2026-10-03;de.1;15.0;FC Schalke 04;fc-schalke-04;578554.0;Wide Centre-Back;3217.9;-0.2;https://maikmitai.com/api/score-history?team=fc-schalke-04;2026-10-03T18:11:35+00:00;fc-schalke-04;13.0;38514.0;https://www.ligainsider.de/mertcan-ayhan_38514/;False
2026-10-03T18:13:48+00:00;https://www.base-xi.de/api/players;2876;Ron Schallenberg;FC Schalke 04;S04;Mittelfeld;6;845107;-105439;-832260;-104725;down;-45;-23;22.0;28.9;2;1;38;973883;False;1;False;0;;2601.0;79.0;33.0;33.0;2025/26;2. Bundesliga;2026-10-11T16:30:00;SCF vs S04;5;2026-10-03;de.1;15.0;FC Schalke 04;fc-schalke-04;246025.0;Ball-Winning Pivot-Player;3564.3;-2.0;https://maikmitai.com/api/score-history?team=fc-schalke-04;2026-10-03T18:11:35+00:00;fc-schalke-04;13.0;14580.0;https://www.ligainsider.de/ron-schallenberg_14580/;True
2026-10-03T18:13:48+00:00;https://www.base-xi.de/api/players;1691;Finn Porath;FC Schalke 04;S04;Mittelfeld;27;500000;0;0;0;right;0;0;19.0;;0;0;0;0;False;0;False;0;;791.0;40.0;20.0;6.0;2025/26;2. Bundesliga;2026-10-11T16:30:00;SCF vs S04;5;2026-10-03;de.1;15.0;FC Schalke 04;fc-schalke-04;180177.0;Wing-Runner;4384.0;;https://maikmitai.com/api/score-history?team=fc-schalke-04;2026-10-03T18:11:35+00:00;fc-schalke-04;13.0;6693.0;https://www.ligainsider.de/finn-porath_6693/;False
2026-10-03T18:13:48+00:00;https://www.base-xi.de/api/players;3307;Janik Bachmann;FC Schalke 04;S04;Mittelfeld;14;500000;0;0;0;right;17;17;16.0;27.3;1;0;10;500000;False;0;False;0;;484.0;21.0;23.0;2.0;2025/26;2. Bundesliga;2026-10-11T16:30:00;SCF vs S04;5;2026-10-03;de.1;15.0;FC Schalke 04;fc-schalke-04;191906.0;Box-to-Box Midfielder;2958.6;64.4;https://maikmitai.com/api/score-history?team=fc-schalke-04;2026-10-03T18:11:35+00:00;fc-schalke-04;13.0;5753.0;https://www.ligainsider.de/janik-bachmann_5753/;False
2026-10-03T18:13:48+00:00;https://www.base-xi.de/api/players;13431;Johannes Simon Siebeking;FC Schalke 04;S04;Torwart;36;500000;0;0;0;right;0;0;;;0;0;0;0;False;0;False;1;;;;;;2025/26;;2026-10-11T16:30:00;SCF vs S04;5;;;;;;;;;;;;;;;;False
2026-10-03T18:13:48+00:00;https://www.base-xi.de/api/players;755;Kevin Müller;FC Schalke 04;S04;Torwart;22;500000;0;0;0;right;0;0;;;0;0;0;0;False;0;False;0;;343.0;86.0;4.0;4.0;2025/26;2. Bundesliga;2026-10-11T16:30:00;SCF vs S04;5;2026-10-03;de.1;15.0;FC Schalke 04;fc-schalke-04;84863.0;Sweeper;4368.3;;https://maikmitai.com/api/score-history?team=fc-schalke-04;2026-10-03T18:11:35+00:00;fc-schalke-04;13.0;1316.0;https://www.ligainsider.de/kevin-mueller_1316/;False
2026-10-03T18:13:48+00:00;https://www.base-xi.de/api/players;11967;Fábio Vieira;Hamburger SV;HSV;Mittelfeld;20;14212882;113168;745316;107520;up;100;33;;;3;1;54;0;False;0;False;0;;;;;;2025/26;;2026-10-10T14:30:00;TSG vs HSV;5;2026-10-03;de.1;14.0;Hamburger SV;hamburger-sv;438098.0;Box-to-Box Midfielder;4931.1;-10.7;https://maikmitai.com/api/score-history?team=hamburger-sv;2026-10-03T18:11:35+00:00;hamburger-sv;9.0;24438.0;https://www.ligainsider.de/fabio-vieira_24438/;True
2026-10-03T18:13:48+00:00;https://www.base-xi.de/api/players;1863;Daniel Heuer Fernandes;Hamburger SV;HSV;Torwart;1;10315541;37326;276318;34614;up;296;74;78.0;8.0;4;4;95;13380285;False;0;False;0;;3051.0;92.0;33.0;33.0;2025/26;Bundesliga;2026-10-10T14:30:00;TSG vs HSV;5;2026-10-03;de.1;14.0;Hamburger SV;hamburger-sv;141021.0;Sweeper;4600.0;26.8;https://maikmitai.com/api/score-history?team=hamburger-sv;2026-10-03T18:11:35+00:00;hamburger-sv;9.0;6379.0;https://www.ligainsider.de/daniel-heuer-fernandes_6379/;True
2026-10-03T18:13:48+00:00;https://www.base-xi.de/api/players;8367;Albert Sambi Lokonga;Hamburger SV;HSV;Mittelfeld;6;9233756;58006;932086;35422;up;106;35;53.0;5.8;3;3;89;5280231;False;0;False;0;;1759.0;68.0;26.0;20.0;2025/26;Bundesliga;2026-10-10T14:30:00;TSG vs HSV;5;2026-10-03;de.1;14.0;Hamburger SV;hamburger-sv;437742.0;Ball-Winning Pivot-Player;4526.7;-0.9;https://maikmitai.com/api/score-history?team=hamburger-sv;2026-10-03T18:11:35+00:00;hamburger-sv;9.0;18447.0;https://www.ligainsider.de/albert-sambi-lokonga_18447/;True
2026-10-03T18:13:48+00:00;https://www.base-xi.de/api/players;11512;Nicolás Capaldo;Hamburger SV;HSV;Abwehr;24;9140575;237771;1740488;228911;up;258;65;50.0;7.1;4;4;95;5289254;False;0;False;0;Angeschlagen - trainiert individuell, soll zeitnah ins Teamtraining zurückkehrern;1682.0;65.0;26.0;24.0;2025/26;Bundesliga;2026-10-10T14:30:00;TSG vs HSV;5;2026-10-03;de.1;14.0;Hamburger SV;hamburger-sv;474094.0;Ball-Winning Pivot-Player;4144.9;-3.0;https://maikmitai.com/api/score-history?team=hamburger-sv;2026-10-03T18:11:35+00:00;hamburger-sv;9.0;26628.0;https://www.ligainsider.de/nicolas-capaldo_26628/;True
2026-10-03T18:13:48+00:00;https://www.base-xi.de/api/players;6201;Nicolai Remberg;Hamburger SV;HSV;Mittelfeld;21;8340203;-346248;-1134692;-316248;down;163;41;57.0;6.7;4;4;95;7291807;False;0;False;0;;2243.0;70.0;32.0;32.0;2025/26;Bundesliga;2026-10-10T14:30:00;TSG vs HSV;5;2026-10-03;de.1;14.0;Hamburger SV;hamburger-sv;512843.0;Ball-Winning Pivot-Player;3831.2;4.8;https://maikmitai.com/api/score-history?team=hamburger-sv;2026-10-03T18:11:35+00:00;hamburger-sv;9.0;26449.0;https://www.ligainsider.de/nicolai-remberg_26449/;True
2026-10-03T18:13:48+00:00;https://www.base-xi.de/api/players;2725;Sebastiaan Bornauw;Hamburger SV;HSV;Abwehr;33;6956263;300058;1963579;292142;up;75;38;;;2;2;95;0;False;0;False;0;;;;;;2025/26;;2026-10-10T14:30:00;TSG vs HSV;5;2026-10-03;de.1;14.0;Hamburger SV;hamburger-sv;437738.0;Wide Centre-Back;3945.6;-11.1;https://maikmitai.com/api/score-history?team=hamburger-sv;2026-10-03T18:11:35+00:00;hamburger-sv;9.0;18822.0;https://www.ligainsider.de/sebastiaan-bornauw_18822/;True
2026-10-03T18:13:48+00:00;https://www.base-xi.de/api/players;1978;Jordan Torunarigha;Hamburger SV;HSV;Abwehr;23;6695701;-380198;-1253524;-410228;down;157;39;51.0;8.4;4;4;80;5354589;False;0;False;2;Leichte Oberschenkelprobleme - trägt leichte Blessuren von RBL (A);1753.0;73.0;24.0;21.0;2025/26;Bundesliga;2026-10-10T14:30:00;TSG vs HSV;5;2026-10-03;de.1;14.0;Hamburger SV;hamburger-sv;244761.0;Defensive Centre-Back;4038.3;9.8;https://maikmitai.com/api/score-history?team=hamburger-sv;2026-10-03T18:11:35+00:00;hamburger-sv;9.0;6513.0;https://www.ligainsider.de/jordan-torunarigha_6513/;True
2026-10-03T18:13:48+00:00;https://www.base-xi.de/api/players;14425;David Møller Wolfe;Hamburger SV;HSV;Abwehr;3;6112399;222462;1245142;216056;up;96;32;;;3;3;86;0;False;0;False;0;;;;;;2025/26;;2026-10-10T14:30:00;TSG vs HSV;5;2026-10-03;de.1;14.0;Hamburger SV;hamburger-sv;497949.0;Wing-Runner;3749.6;15.0;https://maikmitai.com/api/score-history?team=hamburger-sv;2026-10-03T18:11:35+00:00;hamburger-sv;9.0;37717.0;https://www.ligainsider.de/david-moller-wolfe_37717/;True
2026-10-03T18:13:48+00:00;https://www.base-xi.de/api/players;11752;Warmed Omari;Hamburger SV;HSV;Abwehr;17;6073028;190146;2053568;167556;up;27;14;50.0;7.4;2;1;57;3768593;False;0;False;0;;1204.0;60.0;20.0;17.0;2025/26;Bundesliga;2026-10-10T14:30:00;TSG vs HSV;5;2026-10-03;de.1;14.0;Hamburger SV;hamburger-sv;503732.0;Wide Centre-Back;3513.6;-395.2;https://maikmitai.com/api/score-history?team=hamburger-sv;2026-10-03T18:11:35+00:00;hamburger-sv;9.0;25626.0;https://www.ligainsider.de/warmed-omari_25626/;False
2026-10-03T18:13:48+00:00;https://www.base-xi.de/api/players;1865;Yussuf Poulsen;Hamburger SV;HSV;Sturm;15;5976340;274747;2659280;256374;up;139;46;9.0;5.5;3;1;35;500000;False;0;False;0;;340.0;23.0;15.0;1.0;2025/26;Bundesliga;2026-10-10T14:30:00;TSG vs HSV;5;2026-10-03;de.1;14.0;Hamburger SV;hamburger-sv;166028.0;Deep-Lying Forward;4035.3;-109.3;https://maikmitai.com/api/score-history?team=hamburger-sv;2026-10-03T18:11:35+00:00;hamburger-sv;9.0;5765.0;https://www.ligainsider.de/yussuf-poulsen_5765/;True
2026-10-03T18:13:48+00:00;https://www.base-xi.de/api/players;9605;Albert Grønbæk;Hamburger SV;HSV;Mittelfeld;11;5808409;-343602;-2695653;-373631;down;223;56;;;4;4;88;0;False;0;False;4;"Faserriss im rechten Oberschenkel - muss ""in den nächsten Wochen kürzertreten""";520.0;74.0;7.0;6.0;2025/26;Bundesliga;2026-10-10T14:30:00;TSG vs HSV;5;2026-10-03;de.1;14.0;Hamburger SV;hamburger-sv;494779.0;Drifting Midfielder;4198.3;35.2;https://maikmitai.com/api/score-history?team=hamburger-sv;2026-10-03T18:11:35+00:00;hamburger-sv;9.0;35437.0;https://www.ligainsider.de/albert-groenbaek_35437/;False
2026-10-03T18:13:48+00:00;https://www.base-xi.de/api/players;7394;Kofi Amoako;Hamburger SV;HSV;Mittelfeld;22;5481738;260733;2452064;216312;up;0;0;28.0;;0;0;0;0;False;0;False;2;Rückenprobleme - fehlt im Teamtraining;1564.0;49.0;32.0;29.0;2025/26;2. Bundesliga;2026-10-10T14:30:00;TSG vs HSV;5;2026-10-03;de.1;14.0;Hamburger SV;hamburger-sv;550884.0;Ball-Winning Pivot-Player;3277.4;;https://maikmitai.com/api/score-history?team=hamburger-sv;2026-10-03T18:11:35+00:00;hamburger-sv;9.0;27549.0;https://www.ligainsider.de/kofi-amoako_27549/;False
2026-10-03T18:13:48+00:00;https://www.base-xi.de/api/players;14256;Zakaria El Ouahdi;Hamburger SV;HSV;Abwehr;7;5172915;184603;83182;209930;up;60;20;;;3;3;87;0;False;0;False;0;;;;;;2025/26;;2026-10-10T14:30:00;TSG vs HSV;5;2026-10-03;de.1;14.0;Hamburger SV;hamburger-sv;547774.0;Inverted Full-Back;4510.1;48.2;https://maikmitai.com/api/score-history?team=hamburger-sv;2026-10-03T18:11:35+00:00;hamburger-sv;9.0;38592.0;https://www.ligainsider.de/zakaria-el-ouahdi_38592/;True
2026-10-03T18:13:48+00:00;https://www.base-xi.de/api/players;15478;Bilal Nadir;Hamburger SV;HSV;Mittelfeld;4;4963670;313105;2124726;306754;up;-7;-4;;;2;1;29;0;False;0;False;0;;;;;;2025/26;;2026-10-10T14:30:00;TSG vs HSV;5;2026-10-03;de.1;14.0;Hamburger SV;hamburger-sv;546178.0;Mobile Playmaker;3581.7;-4.4;https://maikmitai.com/api/score-history?team=hamburger-sv;2026-10-03T18:11:35+00:00;hamburger-sv;9.0;36654.0;https://www.ligainsider.de/bilal-nadir_36654/;False
2026-10-03T18:13:48+00:00;https://www.base-xi.de/api/players;17203;Terem Moffi;Hamburger SV;HSV;Sturm;9;3797928;-129609;-2058085;-149354;down;11;3;;;4;2;47;0;False;0;False;2;;;;;;2025/26;;2026-10-10T14:30:00;TSG vs HSV;5;2026-10-03;de.1;14.0;Hamburger SV;hamburger-sv;438398.0;Advanced Forward;3367.8;135.5;https://maikmitai.com/api/score-history?team=hamburger-sv;2026-10-03T18:11:35+00:00;hamburger-sv;9.0;39019.0;https://www.ligainsider.de/terem-moffi_39019/;True
2026-10-03T18:13:48+00:00;https://www.base-xi.de/api/players;15472;Patson Daka;Hamburger SV;HSV;Sturm;27;3427922;-150375;-889826;-234392;down;84;21;;;4;2;54;0;False;0;False;1;;;;;;2025/26;;2026-10-10T14:30:00;TSG vs HSV;5;2026-10-03;de.1;14.0;Hamburger SV;hamburger-sv;245419.0;Target Man;3286.1;60.2;https://maikmitai.com/api/score-history?team=hamburger-sv;2026-10-03T18:11:35+00:00;hamburger-sv;9.0;16774.0;https://www.ligainsider.de/patson-daka_16774/;False
2026-10-03T18:13:48+00:00;https://www.base-xi.de/api/players;1889;Bakery Jatta;Hamburger SV;HSV;Mittelfeld;18;1988643;-134319;-1022547;-134603;down;32;11;22.0;15.9;3;1;35;841713;False;1;False;256;;710.0;47.0;15.0;12.0;2025/26;Bundesliga;2026-10-10T14:30:00;TSG vs HSV;5;2026-10-03;de.1;14.0;Hamburger SV;hamburger-sv;228316.0;Wing-Runner;4184.9;-13.6;https://maikmitai.com/api/score-history?team=hamburger-sv;2026-10-03T18:11:35+00:00;hamburger-sv;9.0;7056.0;https://www.ligainsider.de/bakery-jatta_7056/;False
2026-10-03T18:13:48+00:00;https://www.base-xi.de/api/players;13433;Louis Lemke;Hamburger SV;HSV;Abwehr;37;1694612;-136104;-1042646;-135943;down;1;0;;;3;1;38;0;False;0;False;0;;20.0;20.0;1.0;0.0;2025/26;Bundesliga;2026-10-10T14:30:00;TSG vs HSV;5;2026-10-03;de.1;14.0;Hamburger SV;hamburger-sv;687635.0;Wing-Back;2120.4;2.5;https://maikmitai.com/api/score-history?team=hamburger-sv;2026-10-03T18:11:35+00:00;hamburger-sv;9.0;38811.0;https://www.ligainsider.de/louis-lemke_38811/;False
2026-10-03T18:13:48+00:00;https://www.base-xi.de/api/players;15283;Martin Adeline;Hamburger SV;HSV;Mittelfeld;5;1390858;-111767;-950919;-108476;down;2;1;;;3;2;39;0;False;0;False;0;;;;;;2025/26;;2026-10-10T14:30:00;TSG vs HSV;5;2026-10-03;de.1;14.0;Hamburger SV;hamburger-sv;493355.0;Mobile Playmaker;3215.2;-1.2;https://maikmitai.com/api/score-history?team=hamburger-sv;2026-10-03T18:11:35+00:00;hamburger-sv;9.0;38937.0;https://www.ligainsider.de/martin-adeline_38937/;False
2026-10-03T18:13:48+00:00;https://www.base-xi.de/api/players;3277;Miro Muheim;Hamburger SV;HSV;Abwehr;28;1258385;-118026;-929708;-117244;down;0;0;69.0;;0;0;0;0;False;1;False;0;;1929.0;67.0;29.0;27.0;2025/26;Bundesliga;2026-10-10T14:30:00;TSG vs HSV;5;2026-10-03;de.1;14.0;Hamburger SV;hamburger-sv;198230.0;Defensive Full-Back;5312.5;;https://maikmitai.com/api/score-history?team=hamburger-sv;2026-10-03T18:11:35+00:00;hamburger-sv;9.0;26094.0;https://www.ligainsider.de/miro-muheim_26094/;False
2026-10-03T18:13:48+00:00;https://www.base-xi.de/api/players;7350;Otto Stange;Hamburger SV;HSV;Sturm;19;714904;-107356;-918944;-101184;down;-37;-12;-6.0;7.4;3;0;23;0;False;1;False;0;;604.0;30.0;20.0;2.0;2025/26;2. Bundesliga;2026-10-10T14:30:00;TSG vs HSV;5;2026-10-03;de.1;14.0;Hamburger SV;hamburger-sv;620851.0;Vertical Forward;2147.8;-4.2;https://maikmitai.com/api/score-history?team=hamburger-sv;2026-10-03T18:11:35+00:00;hamburger-sv;9.0;38517.0;https://www.ligainsider.de/otto-stange_38517/;False
2026-10-03T18:13:48+00:00;https://www.base-xi.de/api/players;10120;Alexander Røssing-Lelesiit;Hamburger SV;HSV;Sturm;38;500000;0;0;0;right;0;0;3.0;;0;0;0;0;False;0;False;0;;114.0;10.0;11.0;5.0;2025/26;Bundesliga;2026-10-10T14:30:00;TSG vs HSV;5;2026-10-03;de.1;14.0;Hamburger SV;hamburger-sv;657978.0;Inverted Winger;3255.4;;https://maikmitai.com/api/score-history?team=hamburger-sv;2026-10-03T18:11:35+00:00;;;;;False
2026-10-03T18:13:48+00:00;https://www.base-xi.de/api/players;12368;Sander Tangvik;Hamburger SV;HSV;Torwart;12;500000;0;0;0;right;0;0;;;0;0;0;0;False;0;False;0;;220.0;220.0;1.0;1.0;2025/26;Bundesliga;2026-10-10T14:30:00;TSG vs HSV;5;2026-10-03;de.1;14.0;Hamburger SV;hamburger-sv;449411.0;Sweeper;3136.0;;https://maikmitai.com/api/score-history?team=hamburger-sv;2026-10-03T18:11:35+00:00;hamburger-sv;9.0;24494.0;https://www.ligainsider.de/sander-tangvik_24494/;False
2026-10-03T18:13:48+00:00;https://www.base-xi.de/api/players;11949;Shafiq Nandja;Hamburger SV;HSV;Abwehr;43;500000;0;0;0;right;-34;-17;;;2;1;61;0;False;0;False;0;;;;;;2025/26;;2026-10-10T14:30:00;TSG vs HSV;5;2026-10-03;de.1;14.0;Hamburger SV;hamburger-sv;629020.0;Defensive Centre-Back;2342.9;-4.2;https://maikmitai.com/api/score-history?team=hamburger-sv;2026-10-03T18:11:35+00:00;hamburger-sv;9.0;38678.0;https://www.ligainsider.de/shafiq-nandja_38678/;False
2026-10-03T18:13:48+00:00;https://www.base-xi.de/api/players;2522;David Raum;RB Leipzig;RBL;Abwehr;22;28260812;44399;-851216;50157;up;507;127;136.0;4.9;4;4;97;37119382;False;0;False;0;;4445.0;148.0;30.0;29.0;2025/26;Bundesliga;2026-10-10T17:30:00;RBL vs SGE;5;2026-10-03;de.1;4.0;RB Leipzig;rb-leipzig;243309.0;Wing-Back;5523.1;-36.2;https://maikmitai.com/api/score-history?team=rb-leipzig;2026-10-03T18:11:35+00:00;rb-leipzig;1311.0;12557.0;https://www.ligainsider.de/david-raum_12557/;True
2026-10-03T18:13:48+00:00;https://www.base-xi.de/api/players;1246;Willi Orban;RB Leipzig;RBL;Abwehr;4;28243617;50182;288995;50430;up;671;168;134.0;5.3;4;4;97;37378832;False;0;False;0;;4323.0;131.0;33.0;33.0;2025/26;Bundesliga;2026-10-10T17:30:00;RBL vs SGE;5;2026-10-03;de.1;4.0;RB Leipzig;rb-leipzig;101601.0;Ball-Playing Centre-Back;6135.0;-15.0;https://maikmitai.com/api/score-history?team=rb-leipzig;2026-10-03T18:11:35+00:00;rb-leipzig;1311.0;1667.0;https://www.ligainsider.de/willi-orban_1667/;True
2026-10-03T18:13:48+00:00;https://www.base-xi.de/api/players;9507;Antonio Nusa;RB Leipzig;RBL;Mittelfeld;7;27975798;46816;167523;50977;up;674;169;116.0;4.6;4;4;90;27771042;False;0;False;0;;2835.0;91.0;31.0;24.0;2025/26;Bundesliga;2026-10-10T17:30:00;RBL vs SGE;5;2026-10-03;de.1;4.0;RB Leipzig;rb-leipzig;538980.0;Attacking Winger;4808.5;-10.6;https://maikmitai.com/api/score-history?team=rb-leipzig;2026-10-03T18:11:35+00:00;rb-leipzig;1311.0;37124.0;https://www.ligainsider.de/antonio-nusa_37124/;False
2026-10-03T18:13:48+00:00;https://www.base-xi.de/api/players;2687;Christopher Nkunku;RB Leipzig;RBL;Sturm;28;23501198;-168994;-3052736;-138994;down;422;106;;;4;2;66;0;False;0;False;0;;;;;;2025/26;;2026-10-10T17:30:00;RBL vs SGE;5;2026-10-03;de.1;4.0;RB Leipzig;rb-leipzig;213198.0;10;4036.9;47.5;https://maikmitai.com/api/score-history?team=rb-leipzig;2026-10-03T18:11:35+00:00;rb-leipzig;1311.0;12446.0;https://www.ligainsider.de/christopher-nkunku_12446/;True
2026-10-03T18:13:48+00:00;https://www.base-xi.de/api/players;8227;Maarten Vandevoordt;RB Leipzig;RBL;Torwart;26;16173809;43966;378682;39429;up;532;133;126.0;7.5;4;4;97;25228775;False;0;False;0;;1313.0;109.0;12.0;11.0;2025/26;Bundesliga;2026-10-10T17:30:00;RBL vs SGE;5;2026-10-03;de.1;4.0;RB Leipzig;rb-leipzig;248866.0;Sweeper;4497.7;38.8;https://maikmitai.com/api/score-history?team=rb-leipzig;2026-10-03T18:11:35+00:00;rb-leipzig;1311.0;21774.0;https://www.ligainsider.de/maarten-vandevoordt_21774/;True
2026-10-03T18:13:48+00:00;https://www.base-xi.de/api/players;2141;Ridle  Baku;RB Leipzig;RBL;Abwehr;17;15188697;-364417;-3339748;-343188;down;548;137;120.0;7.9;4;3;70;29965629;False;0;False;0;;3278.0;102.0;32.0;28.0;2025/26;Bundesliga;2026-10-10T17:30:00;RBL vs SGE;5;2026-10-03;de.1;4.0;RB Leipzig;rb-leipzig;428786.0;Wing-Back;4871.7;2.8;https://maikmitai.com/api/score-history?team=rb-leipzig;2026-10-03T18:11:35+00:00;rb-leipzig;1311.0;15835.0;https://www.ligainsider.de/ridle-baku_15835/;True
2026-10-03T18:13:48+00:00;https://www.base-xi.de/api/players;4596;Brajan Gruda;RB Leipzig;RBL;Mittelfeld;10;14643366;-443851;-2878248;-532150;down;249;83;88.0;6.3;3;3;64;11312518;False;0;False;2;Nach Bauchmuskelzerrung - trainiert individuell;1270.0;98.0;13.0;8.0;2025/26;Bundesliga;2026-10-10T17:30:00;RBL vs SGE;5;2026-10-03;de.1;4.0;RB Leipzig;rb-leipzig;513433.0;Inverted Winger;4762.9;-28.4;https://maikmitai.com/api/score-history?team=rb-leipzig;2026-10-03T18:11:35+00:00;rb-leipzig;1311.0;35733.0;https://www.ligainsider.de/brajan-gruda_35733/;True
2026-10-03T18:13:48+00:00;https://www.base-xi.de/api/players;14249;Neil El Aynaoui;RB Leipzig;RBL;Mittelfeld;21;13212081;110538;1335574;92840;up;254;85;;;3;3;89;0;False;0;False;0;;;;;;2025/26;;2026-10-10T17:30:00;RBL vs SGE;5;2026-10-03;de.1;4.0;RB Leipzig;rb-leipzig;545286.0;Ball-Winning Pivot-Player;4481.5;119.6;https://maikmitai.com/api/score-history?team=rb-leipzig;2026-10-03T18:11:35+00:00;rb-leipzig;1311.0;36433.0;https://www.ligainsider.de/neil-el-aynaoui_36433/;True
2026-10-03T18:13:48+00:00;https://www.base-xi.de/api/players;7224;Lukeba Castello Jr.;RB Leipzig;RBL;Abwehr;23;12705891;208;-1910254;24072;up;279;140;124.0;9.2;2;2;86;23361492;True;0;False;2;Nach Leistenprobleme - soll schrittweise ans Teamtraining herangeführt werden;2765.0;106.0;26.0;24.0;2025/26;Bundesliga;2026-10-10T17:30:00;RBL vs SGE;5;;;;;;;;;;;;;;;;False
2026-10-03T18:13:48+00:00;https://www.base-xi.de/api/players;2275;Christoph Baumgartner;RB Leipzig;RBL;Mittelfeld;14;11840648;109124;1101164;94037;up;0;0;101.0;;0;0;0;0;False;0;False;4;Nach Muskelverletzung Oberschenkel - trainiert individuell;3846.0;117.0;33.0;32.0;2025/26;Bundesliga;2026-10-10T17:30:00;RBL vs SGE;5;2026-10-03;de.1;4.0;RB Leipzig;rb-leipzig;454831.0;Box-to-Box Midfielder;3850.7;;https://maikmitai.com/api/score-history?team=rb-leipzig;2026-10-03T18:11:35+00:00;rb-leipzig;1311.0;18640.0;https://www.ligainsider.de/christoph-baumgartner_18640/;False
2026-10-03T18:13:48+00:00;https://www.base-xi.de/api/players;2897;Rocco Reitz;RB Leipzig;RBL;Mittelfeld;20;10852832;106303;1528252;87246;up;208;208;98.0;9.3;1;1;84;14114369;False;0;False;4;Nach Sehnenriss - trainiert individuell, steht vor Rückkehr ins Teamtraining;2301.0;74.0;31.0;31.0;2025/26;Bundesliga;2026-10-10T17:30:00;RBL vs SGE;5;2026-10-03;de.1;4.0;RB Leipzig;rb-leipzig;514341.0;Ball-Winning Pivot-Player;4900.0;-0.4;https://maikmitai.com/api/score-history?team=rb-leipzig;2026-10-03T18:11:35+00:00;rb-leipzig;1311.0;24546.0;https://www.ligainsider.de/rocco-reitz_24546/;False
2026-10-03T18:13:48+00:00;https://www.base-xi.de/api/players;11886;Rômulo;RB Leipzig;RBL;Sturm;40;9692116;53250;-821783;69218;up;144;72;71.0;8.2;2;1;45;8619745;True;0;False;0;;2488.0;83.0;30.0;27.0;2025/26;Bundesliga;2026-10-10T17:30:00;RBL vs SGE;5;2026-10-03;de.1;4.0;RB Leipzig;rb-leipzig;546855.0;Deep-Lying Forward;4464.3;137.8;https://maikmitai.com/api/score-history?team=rb-leipzig;2026-10-03T18:11:35+00:00;;;;;False
2026-10-03T18:13:48+00:00;https://www.base-xi.de/api/players;6176;Nicolas Seiwald;RB Leipzig;RBL;Mittelfeld;13;7856690;-234499;-2013531;-232642;down;175;58;70.0;9.4;3;2;74;9830919;False;0;False;0;;2839.0;86.0;33.0;31.0;2025/26;Bundesliga;2026-10-10T17:30:00;RBL vs SGE;5;2026-10-03;de.1;4.0;RB Leipzig;rb-leipzig;478196.0;Anchor;4165.0;-3.5;https://maikmitai.com/api/score-history?team=rb-leipzig;2026-10-03T18:11:35+00:00;rb-leipzig;1311.0;24619.0;https://www.ligainsider.de/nicolas-seiwald_24619/;True
2026-10-03T18:13:48+00:00;https://www.base-xi.de/api/players;11008;Ezechiel Banzuzi;RB Leipzig;RBL;Mittelfeld;6;7456801;-151061;-1410045;-143284;down;338;85;52.0;8.1;4;4;87;5555668;False;0;False;0;;871.0;36.0;24.0;2.0;2025/26;Bundesliga;2026-10-10T17:30:00;RBL vs SGE;5;2026-10-03;de.1;4.0;RB Leipzig;rb-leipzig;558522.0;Box-to-Box Midfielder;4303.0;-30.5;https://maikmitai.com/api/score-history?team=rb-leipzig;2026-10-03T18:11:35+00:00;rb-leipzig;1311.0;38383.0;https://www.ligainsider.de/ezechiel-banzuzi_38383/;True
2026-10-03T18:13:48+00:00;https://www.base-xi.de/api/players;10113;Tidiam Gomis;RB Leipzig;RBL;Sturm;27;7336880;-134537;-1891999;-104537;down;418;105;63.0;8.7;4;2;61;7382231;False;0;False;0;;405.0;22.0;18.0;2.0;2025/26;Bundesliga;2026-10-10T17:30:00;RBL vs SGE;5;2026-10-03;de.1;4.0;RB Leipzig;rb-leipzig;560261.0;Inverted Winger;4040.5;30.5;https://maikmitai.com/api/score-history?team=rb-leipzig;2026-10-03T18:11:35+00:00;rb-leipzig;1311.0;36962.0;https://www.ligainsider.de/tidiam-gomis_36962/;False
2026-10-03T18:13:48+00:00;https://www.base-xi.de/api/players;15376;Maxime Estève;RB Leipzig;RBL;Abwehr;3;6382870;-111376;-1719797;-84210;down;278;93;;;3;2;72;0;False;0;False;0;;;;;;2025/26;;2026-10-10T17:30:00;RBL vs SGE;5;2026-10-03;de.1;4.0;RB Leipzig;rb-leipzig;477717.0;Ball-Playing Centre-Back;4300.9;26.7;https://maikmitai.com/api/score-history?team=rb-leipzig;2026-10-03T18:11:35+00:00;rb-leipzig;1311.0;38844.0;https://www.ligainsider.de/maxime-esteve_38844/;False
2026-10-03T18:13:48+00:00;https://www.base-xi.de/api/players;1689;Benjamin Henrichs;RB Leipzig;RBL;Abwehr;39;5156793;-308460;-2396671;-278460;down;122;41;24.0;6.3;3;1;36;1025721;False;0;False;0;;447.0;26.0;17.0;3.0;2025/26;Bundesliga;2026-10-10T17:30:00;RBL vs SGE;5;2026-10-03;de.1;4.0;RB Leipzig;rb-leipzig;180167.0;Inverted Full-Back;4469.4;-76.0;https://maikmitai.com/api/score-history?team=rb-leipzig;2026-10-03T18:11:35+00:00;rb-leipzig;1311.0;5680.0;https://www.ligainsider.de/benjamin-henrichs_5680/;True
2026-10-03T18:13:48+00:00;https://www.base-xi.de/api/players;1333;Lukas Klostermann;RB Leipzig;RBL;Abwehr;16;4112403;-908594;-1029774;-750000;down;0;0;;;0;0;0;0;False;0;False;0;;201.0;40.0;5.0;1.0;2025/26;Bundesliga;2026-10-10T17:30:00;RBL vs SGE;5;2026-10-03;de.1;4.0;RB Leipzig;rb-leipzig;180839.0;Wide Centre-Back;4260.7;;https://maikmitai.com/api/score-history?team=rb-leipzig;2026-10-03T18:11:35+00:00;rb-leipzig;1311.0;5622.0;https://www.ligainsider.de/lukas-klostermann_5622/;False
2026-10-03T18:13:48+00:00;https://www.base-xi.de/api/players;6300;Assan Ouédraogo;RB Leipzig;RBL;Mittelfeld;8;3982476;-122939;-1431766;-172437;down;61;61;75.0;21.1;1;1;34;6781135;False;1;False;1;Schulterverletzung - nach Operation, wird bis 2027 ausfallen;1705.0;90.0;19.0;13.0;2025/26;Bundesliga;2026-10-10T17:30:00;RBL vs SGE;5;2026-10-03;de.1;4.0;RB Leipzig;rb-leipzig;569015.0;10;4120.0;-1.9;https://maikmitai.com/api/score-history?team=rb-leipzig;2026-10-03T18:11:35+00:00;rb-leipzig;1311.0;36735.0;https://www.ligainsider.de/assan-ouedraogo_36735/;False
2026-10-03T18:13:48+00:00;https://www.base-xi.de/api/players;9776;Andrija Maksimović;RB Leipzig;RBL;Mittelfeld;30;3405994;-109785;-899975;-104926;down;87;44;23.0;7.8;2;0;20;681195;False;0;False;0;;140.0;18.0;8.0;0.0;2025/26;Bundesliga;2026-10-10T17:30:00;RBL vs SGE;5;2026-10-03;de.1;4.0;RB Leipzig;rb-leipzig;620473.0;Mobile Playmaker;3852.4;-5.0;https://maikmitai.com/api/score-history?team=rb-leipzig;2026-10-03T18:11:35+00:00;rb-leipzig;1311.0;37867.0;https://www.ligainsider.de/andrija-maksimovic_37867/;False
2026-10-03T18:13:48+00:00;https://www.base-xi.de/api/players;8061;Johan Bakayoko;RB Leipzig;RBL;Sturm;11;3081381;-111538;-894998;-109075;down;48;24;32.0;13.2;2;1;44;1615166;False;1;False;0;Schlag abbekommen - verpasste B04 (A);982.0;49.0;20.0;8.0;2025/26;Bundesliga;2026-10-10T17:30:00;RBL vs SGE;5;2026-10-03;de.1;4.0;RB Leipzig;rb-leipzig;519638.0;Attacking Winger;4318.2;-0.5;https://maikmitai.com/api/score-history?team=rb-leipzig;2026-10-03T18:11:35+00:00;rb-leipzig;1311.0;35421.0;https://www.ligainsider.de/johan-bakayoko_35421/;False
2026-10-03T18:13:48+00:00;https://www.base-xi.de/api/players;6104;Marc Guiu;RB Leipzig;RBL;Sturm;9;2546255;-154223;-1290153;-204535;down;-13;-13;;;1;0;22;0;False;0;False;1;Muskelverletzung Oberschenkel - fehlt mehrere Wochen ;;;;;2025/26;;2026-10-10T17:30:00;RBL vs SGE;5;2026-10-03;de.1;4.0;RB Leipzig;rb-leipzig;499309.0;Advanced Forward;3296.1;0.5;https://maikmitai.com/api/score-history?team=rb-leipzig;2026-10-03T18:11:35+00:00;rb-leipzig;1311.0;36753.0;https://www.ligainsider.de/marc-guiu_36753/;False
2026-10-03T18:13:48+00:00;https://www.base-xi.de/api/players;14896;Abdoul Koné;RB Leipzig;RBL;Abwehr;2;500000;0;0;0;right;0;0;;;0;0;0;0;False;0;False;0;;;;;;2025/26;;2026-10-10T17:30:00;RBL vs SGE;5;2026-10-03;de.1;4.0;RB Leipzig;rb-leipzig;657512.0;Ball-Playing Centre-Back;3526.2;;https://maikmitai.com/api/score-history?team=rb-leipzig;2026-10-03T18:11:35+00:00;rb-leipzig;1311.0;38801.0;https://www.ligainsider.de/abdoul-kone_38801/;False
2026-10-03T18:13:48+00:00;https://www.base-xi.de/api/players;1225;Leopold Zingerle;RB Leipzig;RBL;Torwart;25;500000;0;0;0;right;0;0;;;0;0;0;0;False;0;False;0;;0.0;;0.0;0.0;2025/26;;2026-10-10T17:30:00;RBL vs SGE;5;2026-10-03;de.1;4.0;RB Leipzig;rb-leipzig;179192.0;Sweeper;3573.0;;https://maikmitai.com/api/score-history?team=rb-leipzig;2026-10-03T18:11:35+00:00;rb-leipzig;1311.0;2452.0;https://www.ligainsider.de/leopold-zingerle_2452/;False
2026-10-03T18:13:48+00:00;https://www.base-xi.de/api/players;7239;Max Finkgräfe;RB Leipzig;RBL;Abwehr;35;500000;0;-655400;23628;up;28;28;26.0;99.2;1;0;15;792852;False;0;False;0;;718.0;55.0;13.0;5.0;2025/26;Bundesliga;2026-10-10T17:30:00;RBL vs SGE;5;2026-10-03;de.1;4.0;RB Leipzig;rb-leipzig;629741.0;Inverted Full-Back;4193.6;-145.4;https://maikmitai.com/api/score-history?team=rb-leipzig;2026-10-03T18:11:35+00:00;rb-leipzig;1311.0;35735.0;https://www.ligainsider.de/max-finkgraefe_35735/;False
2026-10-03T18:13:48+00:00;https://www.base-xi.de/api/players;1728;Örjan Nyland;RB Leipzig;RBL;Torwart;1;500000;0;0;0;right;0;0;;;0;0;0;0;False;0;False;0;;274.0;55.0;5.0;5.0;2025/26;La Liga;2026-10-10T17:30:00;RBL vs SGE;5;2026-10-03;de.1;4.0;RB Leipzig;rb-leipzig;98770.0;Classic Goalkeeper;4796.5;;https://maikmitai.com/api/score-history?team=rb-leipzig;2026-10-03T18:11:35+00:00;rb-leipzig;1311.0;6511.0;https://www.ligainsider.de/oerjan-nyland_6511/;False
2026-10-03T18:13:48+00:00;https://www.base-xi.de/api/players;49;Matthias Ginter;SC Freiburg;SCF;Abwehr;28;27419451;14044;-32845;18276;up;746;187;137.0;5.5;4;4;94;38535429;True;0;False;0;;3663.0;114.0;32.0;32.0;2025/26;Bundesliga;2026-10-11T16:30:00;SCF vs S04;5;2026-10-03;de.1;10.0;SC Freiburg;sc-freiburg;111251.0;Ball-Playing Centre-Back;5334.1;41.0;https://maikmitai.com/api/score-history?team=sc-freiburg;2026-10-03T18:11:35+00:00;sc-freiburg;18.0;1835.0;https://www.ligainsider.de/matthias-ginter_1835/;True
2026-10-03T18:13:48+00:00;https://www.base-xi.de/api/players;3304;Igor Matanović;SC Freiburg;SCF;Sturm;31;25455734;37203;310073;38869;up;805;201;135.0;5.3;4;4;83;37038680;False;0;False;0;;2099.0;68.0;31.0;14.0;2025/26;Bundesliga;2026-10-11T16:30:00;SCF vs S04;5;2026-10-03;de.1;10.0;SC Freiburg;sc-freiburg;513431.0;Deep-Lying Forward;4451.1;-19.6;https://maikmitai.com/api/score-history?team=sc-freiburg;2026-10-03T18:11:35+00:00;sc-freiburg;18.0;25780.0;https://www.ligainsider.de/igor-matanovic_25780/;True
2026-10-03T18:13:48+00:00;https://www.base-xi.de/api/players;11006;Yuito Suzuki;SC Freiburg;SCF;Mittelfeld;14;20098003;22330;449911;20207;up;745;186;94.0;6.2;4;4;81;17314605;False;0;False;0;;1570.0;63.0;25.0;18.0;2025/26;Bundesliga;2026-10-11T16:30:00;SCF vs S04;5;2026-10-03;de.1;10.0;SC Freiburg;sc-freiburg;481035.0;10;3807.7;52.7;https://maikmitai.com/api/score-history?team=sc-freiburg;2026-10-03T18:11:35+00:00;sc-freiburg;18.0;37105.0;https://www.ligainsider.de/yuito-suzuki_37105/;True
2026-10-03T18:13:48+00:00;https://www.base-xi.de/api/players;1645;Maximilian Eggestein;SC Freiburg;SCF;Mittelfeld;8;19255004;-206973;-821336;-209994;down;641;160;125.0;6.3;4;4;94;33133337;False;0;False;0;;2849.0;84.0;34.0;34.0;2025/26;Bundesliga;2026-10-11T16:30:00;SCF vs S04;5;2026-10-03;de.1;10.0;SC Freiburg;sc-freiburg;200850.0;Box-to-Box Midfielder;4186.1;86.3;https://maikmitai.com/api/score-history?team=sc-freiburg;2026-10-03T18:11:35+00:00;sc-freiburg;18.0;6131.0;https://www.ligainsider.de/maximilian-eggestein_6131/;True
2026-10-03T18:13:48+00:00;https://www.base-xi.de/api/players;2084;Philipp Lienhart;SC Freiburg;SCF;Abwehr;3;16888292;50657;336190;51922;up;508;127;98.0;5.8;4;4;88;17554005;False;0;False;0;;1379.0;69.0;20.0;14.0;2025/26;Bundesliga;2026-10-11T16:30:00;SCF vs S04;5;2026-10-03;de.1;10.0;SC Freiburg;sc-freiburg;199245.0;Ball-Playing Centre-Back;4480.4;15.0;https://maikmitai.com/api/score-history?team=sc-freiburg;2026-10-03T18:11:35+00:00;sc-freiburg;18.0;13911.0;https://www.ligainsider.de/philipp-lienhart_13911/;True
2026-10-03T18:13:48+00:00;https://www.base-xi.de/api/players;4335;Derry Scherhant;SC Freiburg;SCF;Mittelfeld;7;15153950;155339;1027505;156559;up;632;158;82.0;6.8;4;4;77;14374688;False;0;False;0;;1487.0;48.0;31.0;12.0;2025/26;Bundesliga;2026-10-11T16:30:00;SCF vs S04;5;2026-10-03;de.1;10.0;SC Freiburg;sc-freiburg;587831.0;Attacking Winger;4071.8;75.8;https://maikmitai.com/api/score-history?team=sc-freiburg;2026-10-03T18:11:35+00:00;sc-freiburg;18.0;27532.0;https://www.ligainsider.de/derry-scherhant_27532/;True
2026-10-03T18:13:48+00:00;https://www.base-xi.de/api/players;3209;Yannik Engelhardt;SC Freiburg;SCF;Mittelfeld;16;14063413;183800;1263511;179877;up;595;149;72.0;7.6;4;4;91;11229752;False;0;False;0;;1970.0;64.0;31.0;29.0;2025/26;Bundesliga;2026-10-11T16:30:00;SCF vs S04;5;2026-10-03;de.1;10.0;SC Freiburg;sc-freiburg;492384.0;Ball-Winning Pivot-Player;3616.8;-35.7;https://maikmitai.com/api/score-history?team=sc-freiburg;2026-10-03T18:11:35+00:00;sc-freiburg;18.0;20278.0;https://www.ligainsider.de/yannik-engelhardt_20278/;True
2026-10-03T18:13:48+00:00;https://www.base-xi.de/api/players;7215;Jordy Makengo;SC Freiburg;SCF;Abwehr;33;13418157;133977;976280;131868;up;603;151;77.0;7.2;4;4;94;11105524;False;0;False;0;;840.0;42.0;20.0;12.0;2025/26;Bundesliga;2026-10-11T16:30:00;SCF vs S04;5;2026-10-03;de.1;10.0;SC Freiburg;sc-freiburg;543921.0;Defensive Full-Back;3876.9;-102.4;https://maikmitai.com/api/score-history?team=sc-freiburg;2026-10-03T18:11:35+00:00;sc-freiburg;18.0;26088.0;https://www.ligainsider.de/jordy-makengo_26088/;True
2026-10-03T18:13:48+00:00;https://www.base-xi.de/api/players;2125;Jan-Niklas Beste;SC Freiburg;SCF;Mittelfeld;19;13277761;-210583;-2282514;-180583;down;432;108;81.0;6.3;4;4;69;13548049;False;0;False;0;;1693.0;60.0;28.0;20.0;2025/26;Bundesliga;2026-10-11T16:30:00;SCF vs S04;5;;;;;;;;;;;;;;;;False
2026-10-03T18:13:48+00:00;https://www.base-xi.de/api/players;6209;Philipp Treu;SC Freiburg;SCF;Abwehr;29;12836648;13327;186157;19035;up;303;76;56.0;5.0;4;3;74;6722910;False;0;False;0;;1454.0;52.0;28.0;24.0;2025/26;Bundesliga;2026-10-11T16:30:00;SCF vs S04;5;2026-10-03;de.1;10.0;SC Freiburg;sc-freiburg;543922.0;Wing-Runner;3898.4;77.1;https://maikmitai.com/api/score-history?team=sc-freiburg;2026-10-03T18:11:35+00:00;sc-freiburg;18.0;20344.0;https://www.ligainsider.de/philipp-treu_20344/;True
2026-10-03T18:13:48+00:00;https://www.base-xi.de/api/players;3218;Mio Backhaus;SC Freiburg;SCF;Torwart;1;11373878;-124980;-2746835;-94980;down;380;95;97.0;8.4;4;4;94;20007208;False;0;False;0;;3025.0;95.0;32.0;32.0;2025/26;Bundesliga;2026-10-11T16:30:00;SCF vs S04;5;2026-10-03;de.1;10.0;SC Freiburg;sc-freiburg;513441.0;Sweeper;4204.2;514.7;https://maikmitai.com/api/score-history?team=sc-freiburg;2026-10-03T18:11:35+00:00;sc-freiburg;18.0;27467.0;https://www.ligainsider.de/mio-backhaus_27467/;True
2026-10-03T18:13:48+00:00;https://www.base-xi.de/api/players;118;Vincenzo Grifo;SC Freiburg;SCF;Mittelfeld;32;6234388;-310640;-2138635;-293152;down;178;59;38.0;10.6;3;0;22;3082491;False;1;False;0;;2332.0;71.0;33.0;21.0;2025/26;Bundesliga;2026-10-11T16:30:00;SCF vs S04;5;2026-10-03;de.1;10.0;SC Freiburg;sc-freiburg;137908.0;Drifting Midfielder;5255.9;-17.0;https://maikmitai.com/api/score-history?team=sc-freiburg;2026-10-03T18:11:35+00:00;sc-freiburg;18.0;2361.0;https://www.ligainsider.de/vincenzo-grifo_2361/;False
2026-10-03T18:13:48+00:00;https://www.base-xi.de/api/players;1257;Lukas Kübler;SC Freiburg;SCF;Abwehr;17;3317607;-104562;-795508;-105057;down;180;45;48.0;19.1;4;1;31;4711265;False;1;False;0;;1875.0;82.0;23.0;19.0;2025/26;Bundesliga;2026-10-11T16:30:00;SCF vs S04;5;2026-10-03;de.1;10.0;SC Freiburg;sc-freiburg;112488.0;Inverted Full-Back;4613.7;77.6;https://maikmitai.com/api/score-history?team=sc-freiburg;2026-10-03T18:11:35+00:00;sc-freiburg;18.0;1935.0;https://www.ligainsider.de/lukas-kuebler_1935/;False
2026-10-03T18:13:48+00:00;https://www.base-xi.de/api/players;7216;Max Rosenfelder;SC Freiburg;SCF;Abwehr;37;2515691;-104350;-822636;-104758;down;37;37;24.0;11.2;1;0;24;664667;False;0;False;0;;318.0;26.0;12.0;5.0;2025/26;Bundesliga;2026-10-11T16:30:00;SCF vs S04;5;2026-10-03;de.1;10.0;SC Freiburg;sc-freiburg;494600.0;Defensive Centre-Back;3718.5;21.3;https://maikmitai.com/api/score-history?team=sc-freiburg;2026-10-03T18:11:35+00:00;sc-freiburg;18.0;26203.0;https://www.ligainsider.de/max-rosenfelder_26203/;False
2026-10-03T18:13:48+00:00;https://www.base-xi.de/api/players;11007;Cyriaque Irié;SC Freiburg;SCF;Mittelfeld;22;2243314;-112305;-886422;-109796;down;90;45;20.0;11.1;2;0;30;545662;False;0;False;0;;150.0;15.0;10.0;3.0;2025/26;Bundesliga;2026-10-11T16:30:00;SCF vs S04;5;2026-10-03;de.1;10.0;SC Freiburg;sc-freiburg;628884.0;Attacking Winger;3981.8;-5.6;https://maikmitai.com/api/score-history?team=sc-freiburg;2026-10-03T18:11:35+00:00;sc-freiburg;18.0;38409.0;https://www.ligainsider.de/cyriaque-irie_38409/;False
2026-10-03T18:13:48+00:00;https://www.base-xi.de/api/players;2176;Lucas Höler;SC Freiburg;SCF;Sturm;9;1617923;-124650;-948897;-123522;down;56;19;31.0;21.3;3;0;15;2094282;False;1;False;0;;1531.0;46.0;33.0;25.0;2025/26;Bundesliga;2026-10-11T16:30:00;SCF vs S04;5;2026-10-03;de.1;10.0;SC Freiburg;sc-freiburg;192401.0;10;3833.5;3.5;https://maikmitai.com/api/score-history?team=sc-freiburg;2026-10-03T18:11:35+00:00;sc-freiburg;18.0;6593.0;https://www.ligainsider.de/lucas-hoeler_6593/;False
2026-10-03T18:13:48+00:00;https://www.base-xi.de/api/players;8364;Bruno Ogbus;SC Freiburg;SCF;Abwehr;43;1333100;-128996;-995789;-127262;down;0;0;53.0;;0;0;0;0;False;1;False;0;;940.0;52.0;18.0;14.0;2025/26;Bundesliga;2026-10-11T16:30:00;SCF vs S04;5;;;;;;;;;;;;sc-freiburg;18.0;37207.0;https://www.ligainsider.de/bruno-ogbus_37207/;False
2026-10-03T18:13:48+00:00;https://www.base-xi.de/api/players;89;Christian Günter;SC Freiburg;SCF;Abwehr;30;723185;-127510;-956806;-125489;down;0;0;38.0;;0;0;0;0;False;1;False;0;;1161.0;48.0;24.0;18.0;2025/26;Bundesliga;2026-10-11T16:30:00;SCF vs S04;5;2026-10-03;de.1;10.0;SC Freiburg;sc-freiburg;119382.0;Wing-Back;3408.7;;https://maikmitai.com/api/score-history?team=sc-freiburg;2026-10-03T18:11:35+00:00;sc-freiburg;18.0;2153.0;https://www.ligainsider.de/christian-guenter_2153/;False
2026-10-03T18:13:48+00:00;https://www.base-xi.de/api/players;14048;Keisuke Goto;SC Freiburg;SCF;Sturm;42;686593;-83275;-761687;-76766;down;81;20;;;4;0;12;0;False;0;False;0;;;;;;2025/26;;2026-10-11T16:30:00;SCF vs S04;5;2026-10-03;de.1;10.0;SC Freiburg;sc-freiburg;587165.0;Deep-Lying Forward;2847.2;11.7;https://maikmitai.com/api/score-history?team=sc-freiburg;2026-10-03T18:11:35+00:00;sc-freiburg;18.0;38267.0;https://www.ligainsider.de/keisuke-goto_38267/;False
2026-10-03T18:13:48+00:00;https://www.base-xi.de/api/players;1858;Anthony Jung;SC Freiburg;SCF;Abwehr;5;500000;0;0;0;right;0;0;34.0;;0;0;0;0;False;0;False;0;;441.0;37.0;12.0;4.0;2025/26;Bundesliga;2026-10-11T16:30:00;SCF vs S04;5;2026-10-03;de.1;10.0;SC Freiburg;sc-freiburg;110927.0;Wide Centre-Back;4281.3;;https://maikmitai.com/api/score-history?team=sc-freiburg;2026-10-03T18:11:35+00:00;sc-freiburg;18.0;2245.0;https://www.ligainsider.de/anthony-jung_2245/;False
2026-10-03T18:13:48+00:00;https://www.base-xi.de/api/players;8363;Berkay Yilmaz;SC Freiburg;SCF;Abwehr;27;500000;-19777;-807447;10223;up;24;24;45.0;94.5;1;0;13;3328972;False;0;False;0;;2879.0;87.0;33.0;32.0;2025/26;2. Bundesliga;2026-10-11T16:30:00;SCF vs S04;5;2026-10-03;de.1;10.0;SC Freiburg;sc-freiburg;547313.0;Wing-Back;3991.1;19.3;https://maikmitai.com/api/score-history?team=sc-freiburg;2026-10-03T18:11:35+00:00;sc-freiburg;18.0;37208.0;https://www.ligainsider.de/berkay-yilmaz_37208/;False
2026-10-03T18:13:48+00:00;https://www.base-xi.de/api/players;1910;Florian Müller;SC Freiburg;SCF;Torwart;21;500000;0;0;0;right;0;0;;;0;0;0;0;False;0;False;0;;0.0;;0.0;0.0;2025/26;;2026-10-11T16:30:00;SCF vs S04;5;2026-10-03;de.1;10.0;SC Freiburg;sc-freiburg;225450.0;Sweeper;3947.2;;https://maikmitai.com/api/score-history?team=sc-freiburg;2026-10-03T18:11:35+00:00;sc-freiburg;18.0;7609.0;https://www.ligainsider.de/florian-mueller_7609/;False
2026-10-03T18:13:48+00:00;https://www.base-xi.de/api/players;1767;Jannik Huth;SC Freiburg;SCF;Torwart;24;500000;0;0;0;right;0;0;;;0;0;0;0;False;0;False;0;;0.0;;0.0;0.0;2025/26;;2026-10-11T16:30:00;SCF vs S04;5;2026-10-03;de.1;10.0;SC Freiburg;sc-freiburg;192385.0;Sweeper;3579.0;;https://maikmitai.com/api/score-history?team=sc-freiburg;2026-10-03T18:11:35+00:00;sc-freiburg;18.0;6540.0;https://www.ligainsider.de/jannik-huth_6540/;False
2026-10-03T18:13:48+00:00;https://www.base-xi.de/api/players;2722;Patrick Osterhage;SC Freiburg;SCF;Mittelfeld;6;500000;0;0;0;right;0;0;45.0;;0;0;0;0;False;0;False;0;;938.0;47.0;20.0;13.0;2025/26;Bundesliga;2026-10-11T16:30:00;SCF vs S04;5;2026-10-03;de.1;10.0;SC Freiburg;sc-freiburg;440824.0;Box-to-Box Midfielder;3592.6;;https://maikmitai.com/api/score-history?team=sc-freiburg;2026-10-03T18:11:35+00:00;sc-freiburg;18.0;20826.0;https://www.ligainsider.de/patrick-osterhage_20826/;False
2026-10-03T18:13:48+00:00;https://www.base-xi.de/api/players;15196;Rihito Yamamoto;SC Freiburg;SCF;Mittelfeld;20;500000;0;-93349;0;right;0;0;;;0;0;0;0;False;0;False;0;;;;;;2025/26;;2026-10-11T16:30:00;SCF vs S04;5;2026-10-03;de.1;10.0;SC Freiburg;sc-freiburg;465917.0;Drifting Midfielder;3767.7;;https://maikmitai.com/api/score-history?team=sc-freiburg;2026-10-03T18:11:35+00:00;sc-freiburg;18.0;38872.0;https://www.ligainsider.de/rihito-yamamoto_38872/;False
2026-10-03T18:13:48+00:00;https://www.base-xi.de/api/players;2977;Nahuel Noll;SC Paderborn 07;SCP;Torwart;15;13919972;26199;245974;25023;up;504;126;89.0;6.8;4;4;95;17386114;False;0;False;0;;3578.0;105.0;34.0;34.0;2025/26;2. Bundesliga;2026-10-10T14:30:00;SCP vs VFB;5;2026-10-03;de.1;18.0;SC Paderborn 07;sc-paderborn-07;515210.0;Sweeper;4018.7;67.9;https://maikmitai.com/api/score-history?team=sc-paderborn-07;2026-10-03T18:11:35+00:00;sc-paderborn-07;1249.0;24594.0;https://www.ligainsider.de/nahuel-noll_24594/;True
2026-10-03T18:13:48+00:00;https://www.base-xi.de/api/players;8292;Santiago Castañeda;SC Paderborn 07;SCP;Mittelfeld;5;10065069;311922;1295757;323602;up;495;124;65.0;8.1;4;4;95;9247869;False;0;False;0;;1972.0;64.0;31.0;27.0;2025/26;2. Bundesliga;2026-10-10T14:30:00;SCP vs VFB;5;2026-10-03;de.1;18.0;SC Paderborn 07;sc-paderborn-07;495002.0;Ball-Winning Pivot-Player;3449.3;51.3;https://maikmitai.com/api/score-history?team=sc-paderborn-07;2026-10-03T18:11:35+00:00;sc-paderborn-07;1249.0;37450.0;https://www.ligainsider.de/santiago-castaneda_37450/;True
2026-10-03T18:13:48+00:00;https://www.base-xi.de/api/players;7616;Jano ter Horst;SC Paderborn 07;SCP;Abwehr;21;8558422;351938;1648041;359343;up;406;102;72.0;8.3;4;4;92;11361867;False;0;False;0;;2076.0;65.0;32.0;32.0;2025/26;2. Bundesliga;2026-10-10T14:30:00;SCP vs VFB;5;2026-10-03;de.1;18.0;SC Paderborn 07;sc-paderborn-07;626599.0;Wide Centre-Back;3398.1;47.4;https://maikmitai.com/api/score-history?team=sc-paderborn-07;2026-10-03T18:11:35+00:00;sc-paderborn-07;1249.0;36702.0;https://www.ligainsider.de/jano-ter-horst_36702/;True
2026-10-03T18:13:48+00:00;https://www.base-xi.de/api/players;3559;Laurin Ulrich;SC Paderborn 07;SCP;Mittelfeld;28;8412092;232978;1949002;218732;up;277;69;;;4;4;80;0;False;0;False;0;;;;;;2025/26;;2026-10-10T14:30:00;SCP vs VFB;5;2026-10-03;de.1;18.0;SC Paderborn 07;sc-paderborn-07;516960.0;Box-to-Box Midfielder;3769.9;34.3;https://maikmitai.com/api/score-history?team=sc-paderborn-07;2026-10-03T18:11:35+00:00;sc-paderborn-07;1249.0;27568.0;https://www.ligainsider.de/laurin-ulrich_27568/;True
2026-10-03T18:13:48+00:00;https://www.base-xi.de/api/players;6197;Laurin Curda;SC Paderborn 07;SCP;Abwehr;17;7579212;312952;720564;329405;up;397;99;85.0;11.5;4;4;88;15570544;False;0;False;0;;3957.0;124.0;32.0;32.0;2025/26;2. Bundesliga;2026-10-10T14:30:00;SCP vs VFB;5;2026-10-03;de.1;18.0;SC Paderborn 07;sc-paderborn-07;465852.0;Wing-Runner;4248.6;30.1;https://maikmitai.com/api/score-history?team=sc-paderborn-07;2026-10-03T18:11:35+00:00;sc-paderborn-07;1249.0;36261.0;https://www.ligainsider.de/laurin-curda_36261/;True
2026-10-03T18:13:48+00:00;https://www.base-xi.de/api/players;3081;Gabriel Vidović;SC Paderborn 07;SCP;Mittelfeld;40;7099019;293069;2188399;276996;up;195;49;;;4;4;83;0;False;0;False;0;;;;;;2025/26;;2026-10-10T14:30:00;SCP vs VFB;5;2026-10-03;de.1;18.0;SC Paderborn 07;sc-paderborn-07;508347.0;Drifting Midfielder;3497.8;63.0;https://maikmitai.com/api/score-history?team=sc-paderborn-07;2026-10-03T18:11:35+00:00;sc-paderborn-07;1249.0;26231.0;https://www.ligainsider.de/gabriel-vidovic_26231/;True
2026-10-03T18:13:48+00:00;https://www.base-xi.de/api/players;3336;Stefano Marino;SC Paderborn 07;SCP;Sturm;30;6528012;266100;1971333;262570;up;207;52;24.0;6.5;4;3;55;1329335;False;0;False;0;;1419.0;53.0;27.0;14.0;2025/26;2. Bundesliga;2026-10-10T14:30:00;SCP vs VFB;5;2026-10-03;de.1;18.0;SC Paderborn 07;sc-paderborn-07;518035.0;Advanced Forward;3371.3;52.6;https://maikmitai.com/api/score-history?team=sc-paderborn-07;2026-10-03T18:11:35+00:00;sc-paderborn-07;1249.0;27339.0;https://www.ligainsider.de/stefano-marino_27339/;True
2026-10-03T18:13:48+00:00;https://www.base-xi.de/api/players;7320;Tjark Scheller;SC Paderborn 07;SCP;Abwehr;25;6021353;258159;32669;288159;up;369;92;71.0;12.0;4;4;95;11064151;False;0;False;0;;2743.0;86.0;32.0;31.0;2025/26;2. Bundesliga;2026-10-10T14:30:00;SCP vs VFB;5;2026-10-03;de.1;18.0;SC Paderborn 07;sc-paderborn-07;633996.0;Defensive Centre-Back;3768.4;25.9;https://maikmitai.com/api/score-history?team=sc-paderborn-07;2026-10-03T18:11:35+00:00;sc-paderborn-07;1249.0;36890.0;https://www.ligainsider.de/tjark-scheller_36890/;True
2026-10-03T18:13:48+00:00;https://www.base-xi.de/api/players;2749;Steffen Tigges;SC Paderborn 07;SCP;Sturm;27;6012271;246702;2247513;226738;up;208;52;31.0;7.8;4;0;37;2267694;False;0;False;0;;2116.0;68.0;31.0;14.0;2025/26;2. Bundesliga;2026-10-10T14:30:00;SCP vs VFB;5;2026-10-03;de.1;18.0;SC Paderborn 07;sc-paderborn-07;220369.0;Target Man;3660.4;16.4;https://maikmitai.com/api/score-history?team=sc-paderborn-07;2026-10-03T18:11:35+00:00;sc-paderborn-07;1249.0;15810.0;https://www.ligainsider.de/steffen-tigges_15810/;False
2026-10-03T18:13:48+00:00;https://www.base-xi.de/api/players;2015;Raphael Obermair;SC Paderborn 07;SCP;Mittelfeld;23;5204912;199280;-303389;229280;up;258;65;62.0;13.2;4;4;87;8155991;False;0;False;0;;3315.0;118.0;28.0;28.0;2025/26;2. Bundesliga;2026-10-10T14:30:00;SCP vs VFB;5;2026-10-03;de.1;18.0;SC Paderborn 07;sc-paderborn-07;245795.0;Wing-Back;4411.6;-1.1;https://maikmitai.com/api/score-history?team=sc-paderborn-07;2026-10-03T18:11:35+00:00;sc-paderborn-07;1249.0;12780.0;https://www.ligainsider.de/raphael-obermair_12780/;True
2026-10-03T18:13:48+00:00;https://www.base-xi.de/api/players;3027;Marvin Pieringer;SC Paderborn 07;SCP;Sturm;18;3987416;-11577;-899240;6309;up;144;36;;;4;4;79;0;True;0;False;0;Knieprobleme - überstand TSG (H) nicht unbeschadet ;;;;;2025/26;;2026-10-10T14:30:00;SCP vs VFB;5;2026-10-03;de.1;18.0;SC Paderborn 07;sc-paderborn-07;523879.0;Deep-Lying Forward;3778.2;-2.9;https://maikmitai.com/api/score-history?team=sc-paderborn-07;2026-10-03T18:11:35+00:00;sc-paderborn-07;1249.0;20424.0;https://www.ligainsider.de/marvin-pieringer_20424/;True
2026-10-03T18:13:48+00:00;https://www.base-xi.de/api/players;6292;Mattes Hansen;SC Paderborn 07;SCP;Abwehr;22;3886438;-83522;-744622;-79946;down;253;63;44.0;13.5;4;4;81;4305111;False;0;False;0;;1989.0;69.0;29.0;19.0;2025/26;2. Bundesliga;2026-10-10T14:30:00;SCP vs VFB;5;2026-10-03;de.1;18.0;SC Paderborn 07;sc-paderborn-07;513442.0;Wide Centre-Back;3977.7;27.5;https://maikmitai.com/api/score-history?team=sc-paderborn-07;2026-10-03T18:11:35+00:00;sc-paderborn-07;1249.0;35894.0;https://www.ligainsider.de/mattes-hansen_35894/;True
2026-10-03T18:13:48+00:00;https://www.base-xi.de/api/players;6217;Rayan Philippe;SC Paderborn 07;SCP;Sturm;9;3077442;-126273;-965435;-125952;down;71;18;15.0;8.6;4;1;21;551375;False;1;False;0;;971.0;35.0;28.0;13.0;2025/26;Bundesliga;2026-10-10T14:30:00;SCP vs VFB;5;2026-10-03;de.1;18.0;SC Paderborn 07;sc-paderborn-07;490190.0;Inverted Winger;3913.4;-12.4;https://maikmitai.com/api/score-history?team=sc-paderborn-07;2026-10-03T18:11:35+00:00;sc-paderborn-07;1249.0;36121.0;https://www.ligainsider.de/rayan-philippe_36121/;False
2026-10-03T18:13:48+00:00;https://www.base-xi.de/api/players;1964;Felix Götze;SC Paderborn 07;SCP;Abwehr;20;2368987;52635;-301491;79638;up;40;40;55.0;23.4;1;0;18;4634930;True;2;False;0;;2901.0;97.0;30.0;27.0;2025/26;2. Bundesliga;2026-10-10T14:30:00;SCP vs VFB;5;2026-10-03;de.1;18.0;SC Paderborn 07;sc-paderborn-07;225354.0;High Playmaking Midfielder;4184.1;195.5;https://maikmitai.com/api/score-history?team=sc-paderborn-07;2026-10-03T18:11:35+00:00;sc-paderborn-07;1249.0;10508.0;https://www.ligainsider.de/felix-goetze_10508/;False
2026-10-03T18:13:48+00:00;https://www.base-xi.de/api/players;2301;Oliver Batista Meier;SC Paderborn 07;SCP;Mittelfeld;7;874670;-131968;-1005135;-130677;down;-18;-9;16.0;31.0;2;0;23;509236;False;1;False;0;;2214.0;74.0;30.0;26.0;2025/26;2. Bundesliga;2026-10-10T14:30:00;SCP vs VFB;5;2026-10-03;de.1;18.0;SC Paderborn 07;sc-paderborn-07;439348.0;Pressing Forward;3727.0;-4.3;https://maikmitai.com/api/score-history?team=sc-paderborn-07;2026-10-03T18:11:35+00:00;sc-paderborn-07;1249.0;19164.0;https://www.ligainsider.de/oliver-batista-meier_19164/;False
2026-10-03T18:13:48+00:00;https://www.base-xi.de/api/players;12262;Albert Frank Millgramm;SC Paderborn 07;SCP;Sturm;19;500000;0;0;0;right;0;0;;;0;0;0;0;False;0;False;0;;10.0;5.0;2.0;0.0;2025/26;2. Bundesliga;2026-10-10T14:30:00;SCP vs VFB;5;;;;;;;;;;;;;;;;False
2026-10-03T18:13:48+00:00;https://www.base-xi.de/api/players;14911;Clemens Lippmann;SC Paderborn 07;SCP;Abwehr;29;500000;0;0;0;right;-21;-11;;;2;0;14;0;False;0;False;0;;;;;;2025/26;;2026-10-10T14:30:00;SCP vs VFB;5;2026-10-03;de.1;18.0;SC Paderborn 07;sc-paderborn-07;629188.0;Wing-Runner;1851.7;-1.7;https://maikmitai.com/api/score-history?team=sc-paderborn-07;2026-10-03T18:11:35+00:00;sc-paderborn-07;1249.0;38885.0;https://www.ligainsider.de/clemens-lippmann_38885/;False
2026-10-03T18:13:48+00:00;https://www.base-xi.de/api/players;9283;Deniz Zeitler;SC Paderborn 07;SCP;Sturm;38;500000;0;0;0;right;0;0;;;0;0;0;0;False;0;False;0;;;;;;2025/26;;2026-10-10T14:30:00;SCP vs VFB;5;2026-10-03;de.1;18.0;SC Paderborn 07;sc-paderborn-07;640659.0;Attacking Winger;3108.4;;https://maikmitai.com/api/score-history?team=sc-paderborn-07;2026-10-03T18:11:35+00:00;sc-paderborn-07;1249.0;37353.0;https://www.ligainsider.de/deniz-zeitler_37353/;False
2026-10-03T18:13:48+00:00;https://www.base-xi.de/api/players;6751;Florian Pruhs;SC Paderborn 07;SCP;Torwart;31;500000;0;0;0;right;0;0;;;0;0;0;0;False;0;False;0;;;;;;2025/26;;2026-10-10T14:30:00;SCP vs VFB;5;2026-10-03;de.1;18.0;SC Paderborn 07;sc-paderborn-07;626750.0;Sweeper;2470.0;-3.0;https://maikmitai.com/api/score-history?team=sc-paderborn-07;2026-10-03T18:11:35+00:00;sc-paderborn-07;1249.0;38854.0;https://www.ligainsider.de/florian-pruhs_38854/;False
2026-10-03T18:13:48+00:00;https://www.base-xi.de/api/players;8872;Jonah Sticker;SC Paderborn 07;SCP;Abwehr;3;500000;-20768;-661966;2396;up;131;44;18.0;61.4;3;0;20;641594;False;0;False;0;;740.0;34.0;22.0;7.0;2025/26;2. Bundesliga;2026-10-10T14:30:00;SCP vs VFB;5;2026-10-03;de.1;18.0;SC Paderborn 07;sc-paderborn-07;627290.0;Drifting Midfielder;2934.1;-2.6;https://maikmitai.com/api/score-history?team=sc-paderborn-07;2026-10-03T18:11:35+00:00;sc-paderborn-07;1249.0;38855.0;https://www.ligainsider.de/jonah-sticker_38855/;False
2026-10-03T18:13:48+00:00;https://www.base-xi.de/api/players;10048;Luka Duric;SC Paderborn 07;SCP;Mittelfeld;8;500000;0;0;0;right;-16;-16;;;1;0;16;0;False;0;False;0;;-6.0;-6.0;1.0;0.0;2025/26;Bundesliga;2026-10-10T14:30:00;SCP vs VFB;5;2026-10-03;de.1;18.0;SC Paderborn 07;sc-paderborn-07;515218.0;Mobile Playmaker;3049.4;8.5;https://maikmitai.com/api/score-history?team=sc-paderborn-07;2026-10-03T18:11:35+00:00;sc-paderborn-07;1249.0;38279.0;https://www.ligainsider.de/luka-duric_38279/;False
2026-10-03T18:13:48+00:00;https://www.base-xi.de/api/players;3492;Marcel Hoffmeier;SC Paderborn 07;SCP;Abwehr;33;500000;0;-444172;0;right;0;0;;;0;0;0;0;False;0;False;1;Muskelverletzung - fällt mehrere Wochen aus;502.0;126.0;4.0;4.0;2025/26;2. Bundesliga;2026-10-10T14:30:00;SCP vs VFB;5;2026-10-03;de.1;18.0;SC Paderborn 07;sc-paderborn-07;487064.0;Wide Centre-Back;4018.5;;https://maikmitai.com/api/score-history?team=sc-paderborn-07;2026-10-03T18:11:35+00:00;sc-paderborn-07;1249.0;26447.0;https://www.ligainsider.de/marcel-hoffmeier_26447/;False
2026-10-03T18:13:48+00:00;https://www.base-xi.de/api/players;2471;Markus Schubert;SC Paderborn 07;SCP;Torwart;1;500000;0;0;0;right;0;0;;;0;0;0;0;False;0;False;0;;0.0;;0.0;0.0;2025/26;;2026-10-10T14:30:00;SCP vs VFB;5;2026-10-03;de.1;18.0;SC Paderborn 07;sc-paderborn-07;204571.0;Sweeper;3759.2;;https://maikmitai.com/api/score-history?team=sc-paderborn-07;2026-10-03T18:11:35+00:00;sc-paderborn-07;1249.0;8133.0;https://www.ligainsider.de/markus-schubert_8133/;False
2026-10-03T18:13:48+00:00;https://www.base-xi.de/api/players;8984;Nyamekye Awortwie-Grant;SC Paderborn 07;SCP;Abwehr;4;500000;0;0;0;right;0;0;;;0;0;0;0;False;0;False;4;Außenbandverletzung - trainiert individuell, Trainingseinstieg nach LSP geplant;;;;;2025/26;;2026-10-10T14:30:00;SCP vs VFB;5;2026-10-03;de.1;18.0;SC Paderborn 07;sc-paderborn-07;628320.0;Ball-Playing Centre-Back;3243.5;;https://maikmitai.com/api/score-history?team=sc-paderborn-07;2026-10-03T18:11:35+00:00;sc-paderborn-07;1249.0;36091.0;https://www.ligainsider.de/nyamekye-awortwie-grant_36091/;False
2026-10-03T18:13:48+00:00;https://www.base-xi.de/api/players;11170;Ruben Müller;SC Paderborn 07;SCP;Mittelfeld;2;500000;0;0;0;right;0;0;34.0;;0;0;0;0;False;0;False;0;;1154.0;52.0;22.0;13.0;2025/26;2. Bundesliga;2026-10-10T14:30:00;SCP vs VFB;5;2026-10-03;de.1;18.0;SC Paderborn 07;sc-paderborn-07;547335.0;Drifting Midfielder;2873.4;;https://maikmitai.com/api/score-history?team=sc-paderborn-07;2026-10-03T18:11:35+00:00;sc-paderborn-07;1249.0;37563.0;https://www.ligainsider.de/ruben-mueller_37563/;False
2026-10-03T18:13:48+00:00;https://www.base-xi.de/api/players;3491;Sebastian Klaas;SC Paderborn 07;SCP;Mittelfeld;26;500000;0;0;0;right;0;0;37.0;;0;0;0;0;False;0;False;0;;1808.0;70.0;26.0;17.0;2025/26;2. Bundesliga;2026-10-10T14:30:00;SCP vs VFB;5;2026-10-03;de.1;18.0;SC Paderborn 07;sc-paderborn-07;244620.0;Box-to-Box Midfielder;3256.5;;https://maikmitai.com/api/score-history?team=sc-paderborn-07;2026-10-03T18:11:35+00:00;sc-paderborn-07;1249.0;15795.0;https://www.ligainsider.de/sebastian-klaas_15795/;False
2026-10-03T18:13:48+00:00;https://www.base-xi.de/api/players;168;Sven Michel;SC Paderborn 07;SCP;Sturm;11;500000;0;0;0;right;0;0;13.0;;0;0;0;0;False;0;False;0;Nach Muskelbündelriss - trainiert individuell;1055.0;39.0;27.0;6.0;2025/26;2. Bundesliga;2026-10-10T14:30:00;SCP vs VFB;5;2026-10-03;de.1;18.0;SC Paderborn 07;sc-paderborn-07;164432.0;Complete Forward;3029.8;;https://maikmitai.com/api/score-history?team=sc-paderborn-07;2026-10-03T18:11:35+00:00;sc-paderborn-07;1249.0;2391.0;https://www.ligainsider.de/sven-michel_2391/;False
2026-10-03T18:13:48+00:00;https://www.base-xi.de/api/players;14914;Timur Gayret;SC Paderborn 07;SCP;Mittelfeld;44;500000;0;0;0;right;0;0;;;0;0;0;0;False;0;False;4;Kreuzbandriss - fällt lange aus;;;;;2025/26;;2026-10-10T14:30:00;SCP vs VFB;5;2026-10-03;de.1;18.0;SC Paderborn 07;sc-paderborn-07;493717.0;Offensive Pivot-Player;4125.9;;https://maikmitai.com/api/score-history?team=sc-paderborn-07;2026-10-03T18:11:35+00:00;sc-paderborn-07;1249.0;26215.0;https://www.ligainsider.de/timur-gayret_26215/;False
2026-10-03T18:13:48+00:00;https://www.base-xi.de/api/players;2498;Tom Baack;SC Paderborn 07;SCP;Mittelfeld;6;500000;0;0;0;right;44;22;17.0;47.2;2;0;20;500000;False;0;False;0;;807.0;40.0;20.0;10.0;2025/26;2. Bundesliga;2026-10-10T14:30:00;SCP vs VFB;5;2026-10-03;de.1;18.0;SC Paderborn 07;sc-paderborn-07;212687.0;Box-to-Box Midfielder;3038.7;-3.7;https://maikmitai.com/api/score-history?team=sc-paderborn-07;2026-10-03T18:11:35+00:00;sc-paderborn-07;1249.0;7463.0;https://www.ligainsider.de/tom-baack_7463/;False
2026-10-03T18:13:48+00:00;https://www.base-xi.de/api/players;6148;Lukas Pinckert;SV Elversberg;SVE;Abwehr;19;12409563;101140;378095;97982;up;516;129;94.0;7.3;4;4;96;18191294;False;0;False;2;;2448.0;84.0;29.0;28.0;2025/26;2. Bundesliga;2026-10-10T14:30:00;FCU vs SVE;5;2026-10-03;de.1;17.0;SV Elversberg;sv-07-elversberg;543907.0;Defensive Centre-Back;3771.7;21.5;https://maikmitai.com/api/score-history?team=sv-07-elversberg;2026-10-03T18:11:35+00:00;sv-07-elversberg;1331.0;38539.0;https://www.ligainsider.de/lukas-pinckert_38539/;True
2026-10-03T18:13:48+00:00;https://www.base-xi.de/api/players;3284;Maximilian Rohr;SV Elversberg;SVE;Abwehr;31;11986319;122260;459938;130851;up;462;116;88.0;7.6;4;4;93;16436992;False;0;False;0;;3342.0;108.0;31.0;29.0;2025/26;2. Bundesliga;2026-10-10T14:30:00;FCU vs SVE;5;2026-10-03;de.1;17.0;SV Elversberg;sv-07-elversberg;487057.0;Defensive Centre-Back;4539.4;-17.0;https://maikmitai.com/api/score-history?team=sv-07-elversberg;2026-10-03T18:11:35+00:00;sv-07-elversberg;1331.0;24711.0;https://www.ligainsider.de/maximilian-rohr_24711/;True
2026-10-03T18:13:48+00:00;https://www.base-xi.de/api/players;6160;Nicolas Kristof;SV Elversberg;SVE;Torwart;20;10138879;-267901;-2176556;-237901;down;393;98;84.0;7.9;4;4;96;15578676;False;0;False;0;;3460.0;102.0;34.0;34.0;2025/26;2. Bundesliga;2026-10-10T14:30:00;FCU vs SVE;5;2026-10-03;de.1;17.0;SV Elversberg;sv-07-elversberg;545755.0;Sweeper;4100.2;86.4;https://maikmitai.com/api/score-history?team=sv-07-elversberg;2026-10-03T18:11:35+00:00;sv-07-elversberg;1331.0;26473.0;https://www.ligainsider.de/nicolas-kristof_26473/;True
2026-10-03T18:13:48+00:00;https://www.base-xi.de/api/players;2928;Lukas Emanuel Petkov;SV Elversberg;SVE;Mittelfeld;25;9586106;26010;-1874093;56010;up;453;113;75.0;9.6;4;4;94;12562946;True;0;False;0;;4022.0;118.0;34.0;34.0;2025/26;2. Bundesliga;2026-10-10T14:30:00;FCU vs SVE;5;;;;;;;;;;;;;;;;False
2026-10-03T18:13:48+00:00;https://www.base-xi.de/api/players;3350;Felix Keidel;SV Elversberg;SVE;Abwehr;43;8853982;-177972;-2124958;-151054;down;373;93;56.0;7.6;4;4;91;6476950;False;0;False;0;;1703.0;68.0;25.0;13.0;2025/26;2. Bundesliga;2026-10-10T14:30:00;FCU vs SVE;5;2026-10-03;de.1;17.0;SV Elversberg;sv-07-elversberg;524093.0;Wing-Back;3151.5;215.8;https://maikmitai.com/api/score-history?team=sv-07-elversberg;2026-10-03T18:11:35+00:00;sv-07-elversberg;1331.0;27483.0;https://www.ligainsider.de/felix-keidel_27483/;True
2026-10-03T18:13:48+00:00;https://www.base-xi.de/api/players;8252;Maurice Krattenmacher;SV Elversberg;SVE;Mittelfeld;7;8312882;-301269;-1269895;-271269;down;401;100;34.0;7.1;4;0;39;2416244;False;0;False;0;;654.0;30.0;22.0;6.0;2025/26;2. Bundesliga;2026-10-10T14:30:00;FCU vs SVE;5;2026-10-03;de.1;17.0;SV Elversberg;sv-07-elversberg;522089.0;Playmaking Winger;3822.1;111.5;https://maikmitai.com/api/score-history?team=sv-07-elversberg;2026-10-03T18:11:35+00:00;sv-07-elversberg;1331.0;36255.0;https://www.ligainsider.de/maurice-krattenmacher_36255/;False
2026-10-03T18:13:48+00:00;https://www.base-xi.de/api/players;7441;Cole Campbell;SV Elversberg;SVE;Mittelfeld;39;7663434;343994;750535;361342;up;275;69;;;4;4;67;0;False;0;False;0;;66.0;11.0;6.0;0.0;2025/26;Bundesliga;2026-10-10T14:30:00;FCU vs SVE;5;2026-10-03;de.1;17.0;SV Elversberg;sv-07-elversberg;549407.0;Vertical Forward;3580.5;526.5;https://maikmitai.com/api/score-history?team=sv-07-elversberg;2026-10-03T18:11:35+00:00;sv-07-elversberg;1331.0;36946.0;https://www.ligainsider.de/cole-campbell_36946/;False
2026-10-03T18:13:48+00:00;https://www.base-xi.de/api/players;9995;David Mokwa;SV Elversberg;SVE;Sturm;42;7438467;-96316;-1750474;-100729;down;337;84;56.0;8.2;4;4;80;5821056;False;0;False;2;;1052.0;62.0;17.0;14.0;2025/26;2. Bundesliga;2026-10-10T14:30:00;FCU vs SVE;5;2026-10-03;de.1;17.0;SV Elversberg;sv-07-elversberg;589018.0;Advanced Forward;2381.4;26.3;https://maikmitai.com/api/score-history?team=sv-07-elversberg;2026-10-03T18:11:35+00:00;sv-07-elversberg;1331.0;35765.0;https://www.ligainsider.de/david-mokwa_35765/;True
2026-10-03T18:13:48+00:00;https://www.base-xi.de/api/players;7278;Lukasz Poreba;SV Elversberg;SVE;Mittelfeld;8;6611575;-89992;-1417745;-66159;down;325;81;69.0;10.3;4;4;96;10723676;False;0;False;0;;3106.0;91.0;34.0;32.0;2025/26;2. Bundesliga;2026-10-10T14:30:00;FCU vs SVE;5;2026-10-03;de.1;17.0;SV Elversberg;sv-07-elversberg;465341.0;Ball-Winning Pivot-Player;3257.2;17.9;https://maikmitai.com/api/score-history?team=sv-07-elversberg;2026-10-03T18:11:35+00:00;sv-07-elversberg;1331.0;36788.0;https://www.ligainsider.de/lukasz-poreba_36788/;True
2026-10-03T18:13:48+00:00;https://www.base-xi.de/api/players;7463;Francis Onyeka;SV Elversberg;SVE;Mittelfeld;40;6069983;253834;-315835;283834;up;191;48;36.0;7.2;4;3;39;2976689;True;0;False;0;;1950.0;65.0;30.0;25.0;2025/26;2. Bundesliga;2026-10-10T14:30:00;FCU vs SVE;5;2026-10-03;de.1;17.0;SV Elversberg;sv-07-elversberg;593262.0;Complete Forward;3173.8;86.2;https://maikmitai.com/api/score-history?team=sv-07-elversberg;2026-10-03T18:11:35+00:00;sv-07-elversberg;1331.0;36948.0;https://www.ligainsider.de/francis-onyeka_36948/;True
2026-10-03T18:13:48+00:00;https://www.base-xi.de/api/players;9224;Tom Zimmerschied;SV Elversberg;SVE;Mittelfeld;29;5324865;295202;2365442;265405;up;0;0;63.0;;0;0;0;0;False;0;False;0;;3718.0;109.0;34.0;34.0;2025/26;2. Bundesliga;2026-10-10T14:30:00;FCU vs SVE;5;2026-10-03;de.1;17.0;SV Elversberg;sv-07-elversberg;513365.0;Raumdeuter;3699.6;;https://maikmitai.com/api/score-history?team=sv-07-elversberg;2026-10-03T18:11:35+00:00;sv-07-elversberg;1331.0;38111.0;https://www.ligainsider.de/tom-zimmerschied_38111/;False
2026-10-03T18:13:48+00:00;https://www.base-xi.de/api/players;3026;Lasse Günther;SV Elversberg;SVE;Abwehr;21;4996658;226731;-337486;256731;up;197;49;49.0;9.9;4;4;87;5153857;True;0;False;0;;2227.0;82.0;27.0;21.0;2025/26;2. Bundesliga;2026-10-10T14:30:00;FCU vs SVE;5;2026-10-03;de.1;17.0;SV Elversberg;sv-07-elversberg;493332.0;Wing-Back;3919.3;66.0;https://maikmitai.com/api/score-history?team=sv-07-elversberg;2026-10-03T18:11:35+00:00;sv-07-elversberg;1331.0;26087.0;https://www.ligainsider.de/lasse-guenther_26087/;False
2026-10-03T18:13:48+00:00;https://www.base-xi.de/api/players;9384;Noah Darvich;SV Elversberg;SVE;Mittelfeld;10;4726555;-369046;-2214453;-339046;down;71;24;;;3;1;55;0;False;0;False;0;;0.0;;0.0;0.0;2025/26;;2026-10-10T14:30:00;FCU vs SVE;5;2026-10-03;de.1;17.0;SV Elversberg;sv-07-elversberg;554935.0;Attacking Winger;3862.3;-4.9;https://maikmitai.com/api/score-history?team=sv-07-elversberg;2026-10-03T18:11:35+00:00;sv-07-elversberg;1331.0;36018.0;https://www.ligainsider.de/noah-darvich_36018/;False
2026-10-03T18:13:48+00:00;https://www.base-xi.de/api/players;859;Jan Gyamerah;SV Elversberg;SVE;Abwehr;30;4252659;-116659;-1621712;-141089;down;220;55;47.0;11.8;4;4;79;4820612;False;0;False;2;Adduktorenprobleme - sagt Länderspielreise ab;2090.0;75.0;28.0;25.0;2025/26;2. Bundesliga;2026-10-10T14:30:00;FCU vs SVE;5;2026-10-03;de.1;17.0;SV Elversberg;sv-07-elversberg;164537.0;Defensive Full-Back;4189.3;-73.8;https://maikmitai.com/api/score-history?team=sv-07-elversberg;2026-10-03T18:11:35+00:00;sv-07-elversberg;1331.0;5825.0;https://www.ligainsider.de/jan-gyamerah_5825/;True
2026-10-03T18:13:48+00:00;https://www.base-xi.de/api/players;6183;Noel Futkeu;SV Elversberg;SVE;Sturm;9;3587995;-102863;-843635;-99063;down;115;38;;;3;0;19;0;False;0;False;0;;;;;;2025/26;;2026-10-10T14:30:00;FCU vs SVE;5;2026-10-03;de.1;17.0;SV Elversberg;sv-07-elversberg;513628.0;Complete Forward;3428.5;263.7;https://maikmitai.com/api/score-history?team=sv-07-elversberg;2026-10-03T18:11:35+00:00;sv-07-elversberg;1331.0;24815.0;https://www.ligainsider.de/noel-futkeu_24815/;False
2026-10-03T18:13:48+00:00;https://www.base-xi.de/api/players;8301;Luca Sirch;SV Elversberg;SVE;Abwehr;26;899154;140000;-1848;170000;up;91;30;38.0;50.4;3;0;23;3082491;True;2;False;0;;3082.0;93.0;33.0;31.0;2025/26;2. Bundesliga;2026-10-10T14:30:00;FCU vs SVE;5;2026-10-03;de.1;17.0;SV Elversberg;sv-07-elversberg;545635.0;Wide Centre-Back;4534.6;266.8;https://maikmitai.com/api/score-history?team=sv-07-elversberg;2026-10-03T18:11:35+00:00;sv-07-elversberg;1331.0;26346.0;https://www.ligainsider.de/luca-sirch_26346/;True
2026-10-03T18:13:48+00:00;https://www.base-xi.de/api/players;6158;Luca Schnellbacher;SV Elversberg;SVE;Sturm;24;589965;-123365;-943648;-89965;down;12;6;9.0;24.8;2;0;15;500000;False;0;False;2;;856.0;31.0;28.0;7.0;2025/26;2. Bundesliga;2026-10-10T14:30:00;FCU vs SVE;5;2026-10-03;de.1;17.0;SV Elversberg;sv-07-elversberg;165167.0;Target Man;3094.8;18.1;https://maikmitai.com/api/score-history?team=sv-07-elversberg;2026-10-03T18:11:35+00:00;sv-07-elversberg;1331.0;6495.0;https://www.ligainsider.de/luca-schnellbacher_6495/;False
2026-10-03T18:13:48+00:00;https://www.base-xi.de/api/players;1745;Amara Condé;SV Elversberg;SVE;Mittelfeld;6;500000;0;-195137;0;right;-2;-1;19.0;48.1;2;0;14;716215;False;0;False;0;;1861.0;60.0;31.0;25.0;2025/26;2. Bundesliga;2026-10-10T14:30:00;FCU vs SVE;5;2026-10-03;de.1;17.0;SV Elversberg;sv-07-elversberg;213459.0;Ball-Winning Pivot-Player;2798.9;-171.2;https://maikmitai.com/api/score-history?team=sv-07-elversberg;2026-10-03T18:11:35+00:00;sv-07-elversberg;1331.0;6545.0;https://www.ligainsider.de/amara-conde_6545/;False
2026-10-03T18:13:48+00:00;https://www.base-xi.de/api/players;7514;Florian Le Joncour;SV Elversberg;SVE;Abwehr;3;500000;0;-147072;0;right;20;20;35.0;89.0;1;0;14;1561997;False;0;False;0;;1492.0;83.0;18.0;11.0;2025/26;2. Bundesliga;2026-10-10T14:30:00;FCU vs SVE;5;2026-10-03;de.1;17.0;SV Elversberg;sv-07-elversberg;205823.0;Ball-Playing Centre-Back;3909.4;21.3;https://maikmitai.com/api/score-history?team=sv-07-elversberg;2026-10-03T18:11:35+00:00;sv-07-elversberg;1331.0;37052.0;https://www.ligainsider.de/florian-le-joncour_37052/;False
2026-10-03T18:13:48+00:00;https://www.base-xi.de/api/players;6149;Frank Lehmann;SV Elversberg;SVE;Torwart;1;500000;0;0;0;right;0;0;;;0;0;0;0;False;0;False;0;;0.0;;0.0;0.0;2025/26;;2026-10-10T14:30:00;FCU vs SVE;5;2026-10-03;de.1;17.0;SV Elversberg;sv-07-elversberg;50668.0;Classic Goalkeeper;100.0;;https://maikmitai.com/api/score-history?team=sv-07-elversberg;2026-10-03T18:11:35+00:00;sv-07-elversberg;1331.0;2876.0;https://www.ligainsider.de/frank-lehmann_2876/;False
2026-10-03T18:13:48+00:00;https://www.base-xi.de/api/players;8296;Frederik Schmahl;SV Elversberg;SVE;Mittelfeld;17;500000;0;0;0;right;0;0;21.0;;0;0;0;0;False;0;False;0;;1595.0;57.0;28.0;9.0;2025/26;2. Bundesliga;2026-10-10T14:30:00;FCU vs SVE;5;2026-10-03;de.1;17.0;SV Elversberg;sv-07-elversberg;625932.0;Box-to-Box Midfielder;3788.0;;https://maikmitai.com/api/score-history?team=sv-07-elversberg;2026-10-03T18:11:35+00:00;sv-07-elversberg;1331.0;36005.0;https://www.ligainsider.de/frederik-schmahl_36005/;False
2026-10-03T18:13:48+00:00;https://www.base-xi.de/api/players;3232;Luca Pfeiffer;SV Elversberg;SVE;Sturm;16;500000;0;0;0;right;0;0;;;0;0;0;0;False;0;False;0;;7.0;4.0;2.0;0.0;2025/26;2. Bundesliga;2026-10-10T14:30:00;FCU vs SVE;5;2026-10-03;de.1;17.0;SV Elversberg;sv-07-elversberg;452268.0;Deep-Lying Forward;4257.3;;https://maikmitai.com/api/score-history?team=sv-07-elversberg;2026-10-03T18:11:35+00:00;sv-07-elversberg;1331.0;19196.0;https://www.ligainsider.de/luca-pfeiffer_19196/;False
2026-10-03T18:13:48+00:00;https://www.base-xi.de/api/players;11253;Nicholas Mickelson;SV Elversberg;SVE;Abwehr;2;500000;0;-617122;0;right;78;39;28.0;69.9;2;0;18;1363445;False;0;False;0;;1355.0;54.0;25.0;9.0;2025/26;2. Bundesliga;2026-10-10T14:30:00;FCU vs SVE;5;2026-10-03;de.1;17.0;SV Elversberg;sv-07-elversberg;428442.0;Wing-Back;3966.7;110.6;https://maikmitai.com/api/score-history?team=sv-07-elversberg;2026-10-03T18:11:35+00:00;sv-07-elversberg;1331.0;38873.0;https://www.ligainsider.de/nicholas-mickelson_38873/;False
2026-10-03T18:13:48+00:00;https://www.base-xi.de/api/players;12317;Raif Adam;SV Elversberg;SVE;Sturm;15;500000;0;0;0;right;0;0;2.0;;0;0;0;0;False;0;False;0;;113.0;11.0;10.0;0.0;2025/26;2. Bundesliga;2026-10-10T14:30:00;FCU vs SVE;5;2026-10-03;de.1;17.0;SV Elversberg;sv-07-elversberg;576784.0;Vertical Forward;1812.4;2.8;https://maikmitai.com/api/score-history?team=sv-07-elversberg;2026-10-03T18:11:35+00:00;sv-07-elversberg;1331.0;38679.0;https://www.ligainsider.de/raif-adam_38679/;False
2026-10-03T18:13:48+00:00;https://www.base-xi.de/api/players;2495;Tim Boss;SV Elversberg;SVE;Torwart;28;500000;0;0;0;right;0;0;;;0;0;0;0;False;0;False;0;;-10.0;-10.0;1.0;0.0;2025/26;2. Bundesliga;2026-10-10T14:30:00;FCU vs SVE;5;2026-10-03;de.1;17.0;SV Elversberg;sv-07-elversberg;212580.0;Sweeper;1749.1;;https://maikmitai.com/api/score-history?team=sv-07-elversberg;2026-10-03T18:11:35+00:00;sv-07-elversberg;1331.0;19242.0;https://www.ligainsider.de/tim-boss_19242/;False
2026-10-03T18:13:48+00:00;https://www.base-xi.de/api/players;608;Niclas Füllkrug;SV Werder Bremen;SVW;Sturm;10;16293358;58682;882745;50377;up;430;108;;;4;4;80;0;False;0;False;0;;;;;;2025/26;;2026-10-09T19:30:00;BVB vs SVW;5;2026-10-03;de.1;13.0;SV Werder Bremen;sv-werder-bremen;91889.0;Target Man;3524.5;18.4;https://maikmitai.com/api/score-history?team=sv-werder-bremen;2026-10-03T18:11:35+00:00;sv-werder-bremen;2.0;1867.0;https://www.ligainsider.de/niclas-fuellkrug_1867/;False
2026-10-03T18:13:48+00:00;https://www.base-xi.de/api/players;2294;Amos Pieper;SV Werder Bremen;SVW;Abwehr;5;13123142;-265238;-674470;-269524;down;470;118;88.0;7.5;4;4;92;14116476;False;0;False;0;;1529.0;80.0;19.0;19.0;2025/26;Bundesliga;2026-10-09T19:30:00;BVB vs SVW;5;2026-10-03;de.1;13.0;SV Werder Bremen;sv-werder-bremen;436217.0;Ball-Playing Centre-Back;4866.4;-23.4;https://maikmitai.com/api/score-history?team=sv-werder-bremen;2026-10-03T18:11:35+00:00;sv-werder-bremen;2.0;7061.0;https://www.ligainsider.de/amos-pieper_7061/;True
2026-10-03T18:13:48+00:00;https://www.base-xi.de/api/players;7721;Marco Grüll;SV Werder Bremen;SVW;Mittelfeld;17;12992347;51666;537348;47371;up;739;185;112.0;9.0;4;4;95;26592541;False;0;False;0;;1641.0;50.0;33.0;23.0;2025/26;Bundesliga;2026-10-09T19:30:00;BVB vs SVW;5;2026-10-03;de.1;13.0;SV Werder Bremen;sv-werder-bremen;474605.0;Wing-Runner;3696.0;-20.4;https://maikmitai.com/api/score-history?team=sv-werder-bremen;2026-10-03T18:11:35+00:00;sv-werder-bremen;2.0;26702.0;https://www.ligainsider.de/marco-gruell_26702/;False
2026-10-03T18:13:48+00:00;https://www.base-xi.de/api/players;1996;Marco Friedl;SV Werder Bremen;SVW;Abwehr;32;12457149;36884;462393;34958;up;445;111;86.0;7.6;4;4;97;15549913;False;0;False;0;;2349.0;78.0;30.0;29.0;2025/26;Bundesliga;2026-10-09T19:30:00;BVB vs SVW;5;2026-10-03;de.1;13.0;SV Werder Bremen;sv-werder-bremen;225335.0;Defensive Centre-Back;4534.1;49.0;https://maikmitai.com/api/score-history?team=sv-werder-bremen;2026-10-03T18:11:35+00:00;sv-werder-bremen;2.0;7047.0;https://www.ligainsider.de/marco-friedl_7047/;True
2026-10-03T18:13:48+00:00;https://www.base-xi.de/api/players;8166;Chuki;SV Werder Bremen;SVW;Mittelfeld;20;12020573;-39885;174929;-57038;down;465;116;;;4;4;94;0;False;0;False;0;;;;;;2025/26;;2026-10-09T19:30:00;BVB vs SVW;5;;;;;;;;;;;;sv-werder-bremen;2.0;38831.0;https://www.ligainsider.de/chuki_38831/;True
2026-10-03T18:13:48+00:00;https://www.base-xi.de/api/players;9513;Karl Hein;SV Werder Bremen;SVW;Torwart;1;11285952;-299797;-1742102;-274278;down;459;115;;;4;4;97;0;False;0;False;0;;327.0;164.0;2.0;2.0;2025/26;Bundesliga;2026-10-09T19:30:00;BVB vs SVW;5;2026-10-03;de.1;13.0;SV Werder Bremen;sv-werder-bremen;463748.0;Sweeper;3851.3;15.0;https://maikmitai.com/api/score-history?team=sv-werder-bremen;2026-10-03T18:11:35+00:00;sv-werder-bremen;2.0;25603.0;https://www.ligainsider.de/karl-hein_25603/;True
2026-10-03T18:13:48+00:00;https://www.base-xi.de/api/players;17288;Youri Regeer;SV Werder Bremen;SVW;Mittelfeld;44;10800082;16187;1242671;-5204;down;341;114;;;3;3;89;0;False;0;False;0;;;;;;2025/26;;2026-10-09T19:30:00;BVB vs SVW;5;2026-10-03;de.1;13.0;SV Werder Bremen;sv-werder-bremen;492629.0;Ball-Winning Pivot-Player;3854.7;-69.1;https://maikmitai.com/api/score-history?team=sv-werder-bremen;2026-10-03T18:11:35+00:00;sv-werder-bremen;2.0;25841.0;https://www.ligainsider.de/youri-regeer_25841/;True
2026-10-03T18:13:48+00:00;https://www.base-xi.de/api/players;7282;Olivier Deman;SV Werder Bremen;SVW;Abwehr;2;9592237;-230652;-2246860;-200652;down;403;101;80.0;9.1;4;4;97;11295842;False;0;False;0;;1176.0;74.0;16.0;14.0;2025/26;Bundesliga;2026-10-09T19:30:00;BVB vs SVW;5;2026-10-03;de.1;13.0;SV Werder Bremen;sv-werder-bremen;468523.0;Defensive Full-Back;4402.9;73.0;https://maikmitai.com/api/score-history?team=sv-werder-bremen;2026-10-03T18:11:35+00:00;sv-werder-bremen;2.0;36310.0;https://www.ligainsider.de/olivier-deman_36310/;True
2026-10-03T18:13:48+00:00;https://www.base-xi.de/api/players;43;Mitchell Weiser;SV Werder Bremen;SVW;Abwehr;8;9524996;206161;1850587;185706;up;141;71;;;2;0;20;0;False;0;False;0;;0.0;;0.0;0.0;2025/26;;2026-10-09T19:30:00;BVB vs SVW;5;2026-10-03;de.1;13.0;SV Werder Bremen;sv-werder-bremen;109203.0;Wing-Runner;4879.2;;https://maikmitai.com/api/score-history?team=sv-werder-bremen;2026-10-03T18:11:35+00:00;sv-werder-bremen;2.0;1720.0;https://www.ligainsider.de/mitchell-weiser_1720/;False
2026-10-03T18:13:48+00:00;https://www.base-xi.de/api/players;2939;Eren Sami Dinkçi;SV Werder Bremen;SVW;Mittelfeld;18;6723240;-315549;-3653821;-309450;down;202;51;36.0;7.1;4;3;58;2693194;False;0;False;0;Krankheit - fehlt im Teamtraining;965.0;44.0;22.0;16.0;2025/26;Bundesliga;2026-10-09T19:30:00;BVB vs SVW;5;;;;;;;;;;;;;;;;False
2026-10-03T18:13:48+00:00;https://www.base-xi.de/api/players;14926;Darwin Soylu;SV Werder Bremen;SVW;Mittelfeld;34;5922274;167090;1937671;141403;up;0;0;;;0;0;0;0;False;0;False;0;;;;;;2025/26;;2026-10-09T19:30:00;BVB vs SVW;5;;;;;;;;;;;;sv-werder-bremen;2.0;37561.0;https://www.ligainsider.de/darwin-soylu_37561/;False
2026-10-03T18:13:48+00:00;https://www.base-xi.de/api/players;6174;Arthur;SV Werder Bremen;SVW;Abwehr;13;5471032;-81611;-1642662;-51611;down;220;73;45.0;12.4;3;3;82;3545491;False;0;False;0;;1284.0;64.0;20.0;13.0;2025/26;Bundesliga;2026-10-09T19:30:00;BVB vs SVW;5;;;;;;;;;;;;sv-werder-bremen;2.0;35904.0;https://www.ligainsider.de/arthur_35904/;True
2026-10-03T18:13:48+00:00;https://www.base-xi.de/api/players;15256;Oskar Wójcik;SV Werder Bremen;SVW;Abwehr;3;4977671;335079;2320195;330683;up;51;51;;;1;0;18;0;False;0;False;0;;;;;;2025/26;;2026-10-09T19:30:00;BVB vs SVW;5;2026-10-03;de.1;13.0;SV Werder Bremen;sv-werder-bremen;511704.0;Wide Centre-Back;4221.3;;https://maikmitai.com/api/score-history?team=sv-werder-bremen;2026-10-03T18:11:35+00:00;sv-werder-bremen;2.0;38922.0;https://www.ligainsider.de/oskar-wojcik_38922/;False
2026-10-03T18:13:48+00:00;https://www.base-xi.de/api/players;3281;Ludovit Reis;SV Werder Bremen;SVW;Mittelfeld;15;4787480;-78057;-1805345;-48057;down;264;66;;;4;4;84;0;False;0;False;0;;;;;;2025/26;;2026-10-09T19:30:00;BVB vs SVW;5;2026-10-03;de.1;13.0;SV Werder Bremen;sv-werder-bremen;433051.0;Ball-Winning Pivot-Player;4000.4;-65.5;https://maikmitai.com/api/score-history?team=sv-werder-bremen;2026-10-03T18:11:35+00:00;sv-werder-bremen;2.0;24555.0;https://www.ligainsider.de/ludovit-reis_24555/;True
2026-10-03T18:13:48+00:00;https://www.base-xi.de/api/players;2842;Felix Agu;SV Werder Bremen;SVW;Abwehr;27;4745568;349698;2494624;314632;up;0;0;40.0;;0;0;0;0;False;0;False;2;Angeschlagen - musste frühzeitig im Testspiel ausgewechselt werden;509.0;46.0;11.0;9.0;2025/26;Bundesliga;2026-10-09T19:30:00;BVB vs SVW;5;2026-10-03;de.1;13.0;SV Werder Bremen;sv-werder-bremen;449695.0;Wing-Back;4147.0;;https://maikmitai.com/api/score-history?team=sv-werder-bremen;2026-10-03T18:11:35+00:00;sv-werder-bremen;2.0;21590.0;https://www.ligainsider.de/felix-agu_21590/;False
2026-10-03T18:13:48+00:00;https://www.base-xi.de/api/players;14923;Kenny Quetant;SV Werder Bremen;SVW;Sturm;19;4660546;340766;2206638;339543;up;0;0;;;0;0;0;0;False;0;False;0;;;;;;2025/26;;2026-10-09T19:30:00;BVB vs SVW;5;2026-10-03;de.1;13.0;SV Werder Bremen;sv-werder-bremen;579916.0;Target Man;3244.5;;https://maikmitai.com/api/score-history?team=sv-werder-bremen;2026-10-03T18:11:35+00:00;sv-werder-bremen;2.0;38826.0;https://www.ligainsider.de/kenny-quetant_38826/;False
2026-10-03T18:13:48+00:00;https://www.base-xi.de/api/players;7167;Senne Lynen;SV Werder Bremen;SVW;Mittelfeld;14;4243819;-250872;-488239;-261503;down;0;0;67.0;13.4;1;1;46;6856876;False;0;False;2;Beckenprobleme - fehlt weithin im Teamtraining;2210.0;71.0;31.0;31.0;2025/26;Bundesliga;2026-10-09T19:30:00;BVB vs SVW;5;2026-10-03;de.1;13.0;SV Werder Bremen;sv-werder-bremen;444687.0;Anchor;3723.6;-46.6;https://maikmitai.com/api/score-history?team=sv-werder-bremen;2026-10-03T18:11:35+00:00;sv-werder-bremen;2.0;35359.0;https://www.ligainsider.de/senne-lynen_35359/;False
2026-10-03T18:13:48+00:00;https://www.base-xi.de/api/players;3481;Jens Stage;SV Werder Bremen;SVW;Mittelfeld;6;3883822;-123702;-1010431;-171016;down;0;0;76.0;;0;0;0;0;False;1;False;1;Schwere Muskelverletzung - fällt mehrere Monate aus;2895.0;100.0;29.0;29.0;2025/26;Bundesliga;2026-10-09T19:30:00;BVB vs SVW;5;2026-10-03;de.1;13.0;SV Werder Bremen;sv-werder-bremen;222353.0;Box-to-Box Midfielder;4470.0;;https://maikmitai.com/api/score-history?team=sv-werder-bremen;2026-10-03T18:11:35+00:00;sv-werder-bremen;2.0;22538.0;https://www.ligainsider.de/jens-stage_22538/;False
2026-10-03T18:13:48+00:00;https://www.base-xi.de/api/players;10131;Dariusz Stalmach;SV Werder Bremen;SVW;Mittelfeld;23;2422866;-113948;-858544;-115676;down;188;63;20.0;18.0;3;0;29;806883;False;0;False;0;;1162.0;48.0;24.0;8.0;2025/26;2. Bundesliga;2026-10-09T19:30:00;BVB vs SVW;5;2026-10-03;de.1;13.0;SV Werder Bremen;sv-werder-bremen;545189.0;Ball-Winning Pivot-Player;3997.6;-30.3;https://maikmitai.com/api/score-history?team=sv-werder-bremen;2026-10-03T18:11:35+00:00;sv-werder-bremen;2.0;38501.0;https://www.ligainsider.de/dariusz-stalmach_38501/;False
2026-10-03T18:13:48+00:00;https://www.base-xi.de/api/players;10134;Mick Schmetgens;SV Werder Bremen;SVW;Abwehr;33;1626474;-126231;-973403;-124580;down;65;16;;;4;1;35;0;False;0;False;0;;79.0;40.0;2.0;0.0;2025/26;Bundesliga;2026-10-09T19:30:00;BVB vs SVW;5;2026-10-03;de.1;13.0;SV Werder Bremen;sv-werder-bremen;627413.0;Inverted Full-Back;3088.4;-46.5;https://maikmitai.com/api/score-history?team=sv-werder-bremen;2026-10-03T18:11:35+00:00;sv-werder-bremen;2.0;37129.0;https://www.ligainsider.de/mick-schmetgens_37129/;False
2026-10-03T18:13:48+00:00;https://www.base-xi.de/api/players;157;Niklas Stark;SV Werder Bremen;SVW;Abwehr;4;1385502;-126527;-982969;-125542;down;0;0;38.0;;0;0;0;0;False;1;False;0;;508.0;36.0;14.0;9.0;2025/26;Bundesliga;2026-10-09T19:30:00;BVB vs SVW;5;2026-10-03;de.1;13.0;SV Werder Bremen;sv-werder-bremen;160541.0;Defensive Centre-Back;3869.6;;https://maikmitai.com/api/score-history?team=sv-werder-bremen;2026-10-03T18:11:35+00:00;sv-werder-bremen;2.0;2441.0;https://www.ligainsider.de/niklas-stark_2441/;False
2026-10-03T18:13:48+00:00;https://www.base-xi.de/api/players;3228;Justin Njinmah;SV Werder Bremen;SVW;Sturm;11;1087516;-113789;-976806;-128413;down;2;2;27.0;32.0;1;1;62;1262224;False;1;False;4;Muskelverletzung im Oberschenkel  - fällt monatelang aus;1409.0;43.0;33.0;22.0;2025/26;Bundesliga;2026-10-09T19:30:00;BVB vs SVW;5;2026-10-03;de.1;13.0;SV Werder Bremen;sv-werder-bremen;565380.0;Attacking Winger;4076.9;-83.2;https://maikmitai.com/api/score-history?team=sv-werder-bremen;2026-10-03T18:11:35+00:00;sv-werder-bremen;2.0;27480.0;https://www.ligainsider.de/justin-njinmah_27480/;False
2026-10-03T18:13:48+00:00;https://www.base-xi.de/api/players;3139;Cédric Itten;SV Werder Bremen;SVW;Sturm;26;872837;-114500;-920816;-109870;down;46;15;36.0;47.7;3;0;22;2675476;False;1;False;0;;3026.0;101.0;30.0;30.0;2025/26;2. Bundesliga;2026-10-09T19:30:00;BVB vs SVW;5;2026-10-03;de.1;13.0;SV Werder Bremen;sv-werder-bremen;198383.0;Complete Forward;3785.4;-46.7;https://maikmitai.com/api/score-history?team=sv-werder-bremen;2026-10-03T18:11:35+00:00;sv-werder-bremen;2.0;18071.0;https://www.ligainsider.de/cedric-itten_18071/;False
2026-10-03T18:13:48+00:00;https://www.base-xi.de/api/players;15313;Paul Erevbenagie;SV Werder Bremen;SVW;Sturm;38;653695;-106059;-911094;-99472;down;49;25;;;2;0;20;0;False;0;False;0;;;;;;2025/26;;2026-10-09T19:30:00;BVB vs SVW;5;2026-10-03;de.1;13.0;SV Werder Bremen;sv-werder-bremen;627418.0;Defensive Full-Back;2205.2;;https://maikmitai.com/api/score-history?team=sv-werder-bremen;2026-10-03T18:11:35+00:00;sv-werder-bremen;2.0;38929.0;https://www.ligainsider.de/paul-erevbenagie_38929/;False
2026-10-03T18:13:48+00:00;https://www.base-xi.de/api/players;9600;Alexander Schlager;SV Werder Bremen;SVW;Torwart;30;500000;0;0;0;right;0;0;;;0;0;0;0;False;0;False;0;;;;;;2025/26;;2026-10-09T19:30:00;BVB vs SVW;5;2026-10-03;de.1;13.0;SV Werder Bremen;sv-werder-bremen;162839.0;Classic Goalkeeper;4004.3;;https://maikmitai.com/api/score-history?team=sv-werder-bremen;2026-10-03T18:11:35+00:00;sv-werder-bremen;2.0;22752.0;https://www.ligainsider.de/alexander-schlager_22752/;True
2026-10-03T18:13:48+00:00;https://www.base-xi.de/api/players;3166;Keke Topp;SV Werder Bremen;SVW;Sturm;9;500000;0;0;0;right;0;0;2.0;;0;0;0;0;False;0;False;4;Nach Kreuzbandriss - kehrt erst 2027 auf den Platz zurück;438.0;22.0;20.0;7.0;2025/26;Bundesliga;2026-10-09T19:30:00;BVB vs SVW;5;2026-10-03;de.1;13.0;SV Werder Bremen;sv-werder-bremen;563397.0;Target Man;3786.5;0.1;https://maikmitai.com/api/score-history?team=sv-werder-bremen;2026-10-03T18:11:35+00:00;sv-werder-bremen;2.0;35787.0;https://www.ligainsider.de/keke-topp_35787/;False
2026-10-03T18:13:48+00:00;https://www.base-xi.de/api/players;3450;Markus Kolke;SV Werder Bremen;SVW;Torwart;25;500000;0;0;0;right;0;0;;;0;0;0;0;False;0;False;0;;0.0;;0.0;0.0;2025/26;;2026-10-09T19:30:00;BVB vs SVW;5;2026-10-03;de.1;13.0;SV Werder Bremen;sv-werder-bremen;100999.0;Classic Goalkeeper;3696.1;;https://maikmitai.com/api/score-history?team=sv-werder-bremen;2026-10-03T18:11:35+00:00;sv-werder-bremen;2.0;15549.0;https://www.ligainsider.de/markus-kolke_15549/;False
2026-10-03T18:13:48+00:00;https://www.base-xi.de/api/players;13449;Moussa Ndiaye;SV Werder Bremen;SVW;Abwehr;16;500000;0;-698629;0;right;0;0;;;0;0;0;0;False;0;False;2;Leistenprobleme - fehlt weiterhin im Teamtraining;;;;;2025/26;;2026-10-09T19:30:00;BVB vs SVW;5;2026-10-03;de.1;13.0;SV Werder Bremen;sv-werder-bremen;592692.0;Wing-Runner;4926.6;-5.2;https://maikmitai.com/api/score-history?team=sv-werder-bremen;2026-10-03T18:11:35+00:00;sv-werder-bremen;2.0;37743.0;https://www.ligainsider.de/moussa-ndiaye_37743/;False
2026-10-03T18:13:48+00:00;https://www.base-xi.de/api/players;11262;Salim Amani Musah;SV Werder Bremen;SVW;Sturm;29;500000;-37569;-917731;0;right;26;9;9.0;27.1;3;0;21;500000;False;0;False;1;;134.0;17.0;8.0;2.0;2025/26;Bundesliga;2026-10-09T19:30:00;BVB vs SVW;5;;;;;;;;;;;;;;;;False
2026-10-03T18:13:48+00:00;https://www.base-xi.de/api/players;2373;Ozan Kabak;TSG Hoffenheim;TSG;Abwehr;5;21593521;-212747;-2342397;-182747;down;514;129;112.0;5.4;4;4;93;24147250;False;0;False;0;;2629.0;105.0;25.0;18.0;2025/26;Bundesliga;2026-10-10T14:30:00;TSG vs HSV;5;2026-10-03;de.1;6.0;TSG 1899 Hoffenheim;tsg-hoffenheim;438277.0;Defensive Centre-Back;5514.7;-49.9;https://maikmitai.com/api/score-history?team=tsg-hoffenheim;2026-10-03T18:11:35+00:00;tsg-hoffenheim;10.0;20416.0;https://www.ligainsider.de/ozan-kabak_20416/;True
2026-10-03T18:13:48+00:00;https://www.base-xi.de/api/players;7745;Vladimír Coufal;TSG Hoffenheim;TSG;Abwehr;34;20520831;39498;-617785;41850;up;447;112;116.0;5.5;4;4;90;28751197;False;0;False;2;Angeschlagen - verpasst Nationalmannschaftsduell;3918.0;115.0;34.0;34.0;2025/26;Bundesliga;2026-10-10T14:30:00;TSG vs HSV;5;2026-10-03;de.1;6.0;TSG 1899 Hoffenheim;tsg-hoffenheim;164555.0;Wing-Back;4918.5;-12.6;https://maikmitai.com/api/score-history?team=tsg-hoffenheim;2026-10-03T18:11:35+00:00;tsg-hoffenheim;10.0;11929.0;https://www.ligainsider.de/vladimir-coufal_11929/;True
2026-10-03T18:13:48+00:00;https://www.base-xi.de/api/players;11631;Wouter Burger;TSG Hoffenheim;TSG;Mittelfeld;18;19357630;41820;584891;34880;up;345;86;80.0;5.2;4;4;93;13555010;False;0;False;0;;3425.0;114.0;30.0;30.0;2025/26;Bundesliga;2026-10-10T14:30:00;TSG vs HSV;5;2026-10-03;de.1;6.0;TSG 1899 Hoffenheim;tsg-hoffenheim;438066.0;Box-to-Box Midfielder;4482.0;-4.5;https://maikmitai.com/api/score-history?team=tsg-hoffenheim;2026-10-03T18:11:35+00:00;tsg-hoffenheim;10.0;22632.0;https://www.ligainsider.de/wouter-burger_22632/;True
2026-10-03T18:13:48+00:00;https://www.base-xi.de/api/players;11959;Adam Daghim;TSG Hoffenheim;TSG;Sturm;14;15534609;103439;923379;95572;up;622;156;90.0;6.3;4;4;92;16346216;False;0;False;0;;1115.0;41.0;27.0;12.0;2025/26;Bundesliga;2026-10-10T14:30:00;TSG vs HSV;5;2026-10-03;de.1;6.0;TSG 1899 Hoffenheim;tsg-hoffenheim;575415.0;Attacking Winger;3575.9;0.4;https://maikmitai.com/api/score-history?team=tsg-hoffenheim;2026-10-03T18:11:35+00:00;tsg-hoffenheim;10.0;37622.0;https://www.ligainsider.de/adam-daghim_37622/;False
2026-10-03T18:13:48+00:00;https://www.base-xi.de/api/players;3158;Fisnik Asllani;TSG Hoffenheim;TSG;Sturm;11;13938472;-388928;-2001716;-387544;down;67;34;59.0;5.1;2;0;13;6336778;False;0;False;0;;2966.0;90.0;33.0;31.0;2025/26;Bundesliga;2026-10-10T14:30:00;TSG vs HSV;5;2026-10-03;de.1;6.0;TSG 1899 Hoffenheim;tsg-hoffenheim;561060.0;Deep-Lying Forward;4153.5;117.6;https://maikmitai.com/api/score-history?team=tsg-hoffenheim;2026-10-03T18:11:35+00:00;tsg-hoffenheim;10.0;21986.0;https://www.ligainsider.de/fisnik-asllani_21986/;False
2026-10-03T18:13:48+00:00;https://www.base-xi.de/api/players;524;Oliver Baumann;TSG Hoffenheim;TSG;Torwart;1;12860933;67496;-825781;81940;up;424;106;102.0;8.0;4;4;97;22522231;True;0;False;0;;3366.0;99.0;34.0;34.0;2025/26;Bundesliga;2026-10-10T14:30:00;TSG vs HSV;5;2026-10-03;de.1;6.0;TSG 1899 Hoffenheim;tsg-hoffenheim;73140.0;Sweeper;4286.2;16.8;https://maikmitai.com/api/score-history?team=tsg-hoffenheim;2026-10-03T18:11:35+00:00;tsg-hoffenheim;10.0;567.0;https://www.ligainsider.de/oliver-baumann_567/;True
2026-10-03T18:13:48+00:00;https://www.base-xi.de/api/players;11162;Leon Avdullahu;TSG Hoffenheim;TSG;Mittelfeld;7;12315199;-479710;-4026981;-449710;down;352;88;83.0;7.0;4;4;94;15055417;False;0;False;0;;2805.0;85.0;33.0;32.0;2025/26;Bundesliga;2026-10-10T14:30:00;TSG vs HSV;5;2026-10-03;de.1;6.0;TSG 1899 Hoffenheim;tsg-hoffenheim;620667.0;Anchor;3961.0;3.2;https://maikmitai.com/api/score-history?team=tsg-hoffenheim;2026-10-03T18:11:35+00:00;tsg-hoffenheim;10.0;38223.0;https://www.ligainsider.de/leon-avdullahu_38223/;True
2026-10-03T18:13:48+00:00;https://www.base-xi.de/api/players;3471;Adam Hložek;TSG Hoffenheim;TSG;Sturm;10;11453773;-231738;212756;-261738;down;413;103;;;4;4;70;0;False;0;False;0;;4.0;1.0;5.0;0.0;2025/26;Bundesliga;2026-10-10T14:30:00;TSG vs HSV;5;2026-10-03;de.1;6.0;TSG 1899 Hoffenheim;tsg-hoffenheim;467008.0;Target Man;5037.2;-22.1;https://maikmitai.com/api/score-history?team=tsg-hoffenheim;2026-10-03T18:11:35+00:00;tsg-hoffenheim;10.0;24095.0;https://www.ligainsider.de/adam-hlozek_24095/;False
2026-10-03T18:13:48+00:00;https://www.base-xi.de/api/players;3204;Bambasé Conté;TSG Hoffenheim;TSG;Sturm;20;10038063;184482;-483741;210580;up;296;74;81.0;7.1;4;3;68;13052388;False;0;False;0;;2840.0;114.0;25.0;22.0;2025/26;2. Bundesliga;2026-10-10T14:30:00;TSG vs HSV;5;2026-10-03;de.1;6.0;TSG 1899 Hoffenheim;tsg-hoffenheim;513565.0;Deep-Lying Forward;4287.3;12.8;https://maikmitai.com/api/score-history?team=tsg-hoffenheim;2026-10-03T18:11:35+00:00;tsg-hoffenheim;10.0;27420.0;https://www.ligainsider.de/bambase-conte_27420/;True
2026-10-03T18:13:48+00:00;https://www.base-xi.de/api/players;2803;Tim Lemperle;TSG Hoffenheim;TSG;Sturm;19;8426682;-256278;-2652511;-246278;down;217;72;65.0;8.7;3;2;68;8105485;False;0;False;0;;2154.0;74.0;29.0;24.0;2025/26;Bundesliga;2026-10-10T14:30:00;TSG vs HSV;5;2026-10-03;de.1;6.0;TSG 1899 Hoffenheim;tsg-hoffenheim;470305.0;Complete Forward;3663.2;1.1;https://maikmitai.com/api/score-history?team=tsg-hoffenheim;2026-10-03T18:11:35+00:00;tsg-hoffenheim;10.0;23854.0;https://www.ligainsider.de/tim-lemperle_23854/;False
2026-10-03T18:13:48+00:00;https://www.base-xi.de/api/players;7673;Albian Hajdari;TSG Hoffenheim;TSG;Abwehr;21;8185974;-338231;-3312663;-391381;down;230;58;82.0;9.5;4;3;84;14205574;False;0;False;2;Angeschlagen - reist angeschlagen von der Nationalmannschaft ab;2924.0;97.0;30.0;28.0;2025/26;Bundesliga;2026-10-10T14:30:00;TSG vs HSV;5;2026-10-03;de.1;6.0;TSG 1899 Hoffenheim;tsg-hoffenheim;514116.0;Wide Centre-Back;4359.8;8.6;https://maikmitai.com/api/score-history?team=tsg-hoffenheim;2026-10-03T18:11:35+00:00;tsg-hoffenheim;10.0;37227.0;https://www.ligainsider.de/albian-hajdari_37227/;True
2026-10-03T18:13:48+00:00;https://www.base-xi.de/api/players;11161;Koki Machida;TSG Hoffenheim;TSG;Abwehr;28;7904264;298099;1595929;303898;up;148;74;;;2;1;60;0;False;0;False;0;;42.0;42.0;1.0;1.0;2025/26;Bundesliga;2026-10-10T14:30:00;TSG vs HSV;5;2026-10-03;de.1;6.0;TSG 1899 Hoffenheim;tsg-hoffenheim;205837.0;Wide Centre-Back;3727.8;-260.7;https://maikmitai.com/api/score-history?team=tsg-hoffenheim;2026-10-03T18:11:35+00:00;tsg-hoffenheim;10.0;35863.0;https://www.ligainsider.de/koki-machida_35863/;True
2026-10-03T18:13:48+00:00;https://www.base-xi.de/api/players;1815;Andrej Kramarić;TSG Hoffenheim;TSG;Mittelfeld;27;7209100;-249895;-2830158;-249930;down;0;0;38.0;7.6;4;0;14;3455532;False;1;False;0;;3757.0;110.0;34.0;26.0;2025/26;Bundesliga;2026-10-10T14:30:00;TSG vs HSV;5;2026-10-03;de.1;6.0;TSG 1899 Hoffenheim;tsg-hoffenheim;68582.0;Mobile Playmaker;5163.3;-2.7;https://maikmitai.com/api/score-history?team=tsg-hoffenheim;2026-10-03T18:11:35+00:00;tsg-hoffenheim;10.0;2439.0;https://www.ligainsider.de/andrej-kramaric_2439/;True
2026-10-03T18:13:48+00:00;https://www.base-xi.de/api/players;9598;Valentin Gendrey;TSG Hoffenheim;TSG;Abwehr;15;6464384;215383;2224879;194464;up;56;56;22.0;6.2;1;0;26;556505;False;0;False;0;;287.0;36.0;8.0;0.0;2025/26;Bundesliga;2026-10-10T14:30:00;TSG vs HSV;5;2026-10-03;de.1;6.0;TSG 1899 Hoffenheim;tsg-hoffenheim;461415.0;Wing-Back;4505.7;-182.4;https://maikmitai.com/api/score-history?team=tsg-hoffenheim;2026-10-03T18:11:35+00:00;tsg-hoffenheim;10.0;35971.0;https://www.ligainsider.de/valentin-gendrey_35971/;True
2026-10-03T18:13:48+00:00;https://www.base-xi.de/api/players;15193;Mats Rots;TSG Hoffenheim;TSG;Abwehr;39;6373259;-332892;-2994351;-334572;down;210;53;;;4;3;56;0;False;0;False;0;;;;;;2025/26;;2026-10-10T14:30:00;TSG vs HSV;5;2026-10-03;de.1;6.0;TSG 1899 Hoffenheim;tsg-hoffenheim;576750.0;Inverted Full-Back;4335.3;31.8;https://maikmitai.com/api/score-history?team=tsg-hoffenheim;2026-10-03T18:11:35+00:00;tsg-hoffenheim;10.0;37794.0;https://www.ligainsider.de/mats-rots_37794/;True
2026-10-03T18:13:48+00:00;https://www.base-xi.de/api/players;7717;Alexander Prass;TSG Hoffenheim;TSG;Mittelfeld;22;5571622;294733;2476553;264733;up;0;0;30.0;;0;0;0;0;False;0;False;0;;1591.0;50.0;32.0;12.0;2025/26;Bundesliga;2026-10-10T14:30:00;TSG vs HSV;5;2026-10-03;de.1;6.0;TSG 1899 Hoffenheim;tsg-hoffenheim;442305.0;Playmaking Winger;3691.8;;https://maikmitai.com/api/score-history?team=tsg-hoffenheim;2026-10-03T18:11:35+00:00;tsg-hoffenheim;10.0;27057.0;https://www.ligainsider.de/alexander-prass_27057/;False
2026-10-03T18:13:48+00:00;https://www.base-xi.de/api/players;3124;Patrick Wimmer;TSG Hoffenheim;TSG;Mittelfeld;8;4673960;2010;-786806;11046;up;224;56;46.0;12.3;4;2;55;4458447;True;0;False;0;;1466.0;59.0;25.0;21.0;2025/26;Bundesliga;2026-10-10T14:30:00;TSG vs HSV;5;2026-10-03;de.1;6.0;TSG 1899 Hoffenheim;tsg-hoffenheim;486206.0;Raumdeuter;4331.3;32.0;https://maikmitai.com/api/score-history?team=tsg-hoffenheim;2026-10-03T18:11:35+00:00;tsg-hoffenheim;10.0;26236.0;https://www.ligainsider.de/patrick-wimmer_26236/;False
2026-10-03T18:13:48+00:00;https://www.base-xi.de/api/players;11591;Cajetan Lenz;TSG Hoffenheim;TSG;Mittelfeld;32;4598278;354770;2276828;350298;up;0;0;30.0;;0;0;0;0;False;0;False;0;;1746.0;56.0;31.0;25.0;2025/26;2. Bundesliga;2026-10-10T14:30:00;TSG vs HSV;5;2026-10-03;de.1;6.0;TSG 1899 Hoffenheim;tsg-hoffenheim;695474.0;Ball-Winning Pivot-Player;3140.2;;https://maikmitai.com/api/score-history?team=tsg-hoffenheim;2026-10-03T18:11:35+00:00;tsg-hoffenheim;10.0;37065.0;https://www.ligainsider.de/cajetan-lenz_37065/;False
2026-10-03T18:13:48+00:00;https://www.base-xi.de/api/players;15262;Nathan De Cat;TSG Hoffenheim;TSG;Mittelfeld;17;4042355;-106110;-1366516;-102786;down;-11;-6;;;2;0;20;0;False;0;False;0;;;;;;2025/26;;2026-10-10T14:30:00;TSG vs HSV;5;2026-10-03;de.1;6.0;TSG 1899 Hoffenheim;tsg-hoffenheim;646003.0;Box-to-Box Midfielder;2927.6;0.1;https://maikmitai.com/api/score-history?team=tsg-hoffenheim;2026-10-03T18:11:35+00:00;tsg-hoffenheim;10.0;38750.0;https://www.ligainsider.de/nathan-de-cat_38750/;False
2026-10-03T18:13:48+00:00;https://www.base-xi.de/api/players;1954;Bernardo;TSG Hoffenheim;TSG;Abwehr;13;2543406;-111672;-862639;-134604;down;62;62;80.0;30.7;1;1;54;9278727;False;1;False;2;AchKrankessehnenprobleme - verpasst auch SCP (A);2381.0;82.0;29.0;26.0;2025/26;Bundesliga;2026-10-10T14:30:00;TSG vs HSV;5;2026-10-03;de.1;6.0;TSG 1899 Hoffenheim;tsg-hoffenheim;209362.0;Defensive Full-Back;5286.2;-0.1;https://maikmitai.com/api/score-history?team=tsg-hoffenheim;2026-10-03T18:11:35+00:00;tsg-hoffenheim;10.0;11324.0;https://www.ligainsider.de/bernardo_11324/;False
2026-10-03T18:13:48+00:00;https://www.base-xi.de/api/players;7750;Robin Hranác;TSG Hoffenheim;TSG;Abwehr;2;2106496;-119817;-903919;-118822;down;45;23;57.0;28.6;2;0;29;5596038;False;1;False;0;;2290.0;79.0;29.0;26.0;2025/26;Bundesliga;2026-10-10T14:30:00;TSG vs HSV;5;2026-10-03;de.1;6.0;TSG 1899 Hoffenheim;tsg-hoffenheim;465953.0;Wide Centre-Back;4086.4;-0.1;https://maikmitai.com/api/score-history?team=tsg-hoffenheim;2026-10-03T18:11:35+00:00;tsg-hoffenheim;10.0;37515.0;https://www.ligainsider.de/robin-hranac_37515/;False
2026-10-03T18:13:48+00:00;https://www.base-xi.de/api/players;7543;Max Moerstedt;TSG Hoffenheim;TSG;Sturm;9;1619350;-112083;-938616;-109768;down;-21;-7;5.0;5.9;3;1;38;500000;False;1;False;0;;495.0;22.0;22.0;1.0;2025/26;Bundesliga;2026-10-10T14:30:00;TSG vs HSV;5;2026-10-03;de.1;6.0;TSG 1899 Hoffenheim;tsg-hoffenheim;547426.0;Advanced Forward;3005.6;-30.9;https://maikmitai.com/api/score-history?team=tsg-hoffenheim;2026-10-03T18:11:35+00:00;tsg-hoffenheim;10.0;36318.0;https://www.ligainsider.de/max-moerstedt_36318/;False
2026-10-03T18:13:48+00:00;https://www.base-xi.de/api/players;2852;Luca Philipp;TSG Hoffenheim;TSG;Torwart;37;500000;0;0;0;right;0;0;;;0;0;0;0;False;0;False;0;;0.0;;0.0;0.0;2025/26;;2026-10-10T14:30:00;TSG vs HSV;5;2026-10-03;de.1;6.0;TSG 1899 Hoffenheim;tsg-hoffenheim;465856.0;Classic Goalkeeper;2925.6;;https://maikmitai.com/api/score-history?team=tsg-hoffenheim;2026-10-03T18:11:35+00:00;tsg-hoffenheim;10.0;24129.0;https://www.ligainsider.de/luca-philipp_24129/;False
2026-10-03T18:13:48+00:00;https://www.base-xi.de/api/players;8289;Lúkas Petersson;TSG Hoffenheim;TSG;Torwart;36;500000;0;0;0;right;0;0;;;0;0;0;0;False;0;False;0;;0.0;;0.0;0.0;2025/26;;2026-10-10T14:30:00;TSG vs HSV;5;2026-10-03;de.1;6.0;TSG 1899 Hoffenheim;tsg-hoffenheim;519079.0;Sweeper;2352.1;;https://maikmitai.com/api/score-history?team=tsg-hoffenheim;2026-10-03T18:11:35+00:00;tsg-hoffenheim;10.0;37114.0;https://www.ligainsider.de/lukas-petersson_37114/;False
2026-10-03T18:13:48+00:00;https://www.base-xi.de/api/players;7158;Deniz Undav;VfB Stuttgart;VFB;Sturm;26;28546775;56827;-2617;55688;up;21;5;59.0;2.5;4;3;60;7513608;False;0;False;0;;4006.0;138.0;29.0;25.0;2025/26;Bundesliga;2026-10-10T14:30:00;SCP vs VFB;5;2026-10-03;de.1;5.0;VfB Stuttgart;vfb-stuttgart;450434.0;Deep-Lying Forward;4945.4;-86.4;https://maikmitai.com/api/score-history?team=vfb-stuttgart;2026-10-03T18:11:35+00:00;vfb-stuttgart;12.0;19154.0;https://www.ligainsider.de/deniz-undav_19154/;True
2026-10-03T18:13:48+00:00;https://www.base-xi.de/api/players;1664;Maximilian Mittelstädt;VfB Stuttgart;VFB;Abwehr;7;28079400;61758;382718;61928;up;673;168;148.0;5.2;4;4;92;44620778;False;0;False;0;;3927.0;123.0;32.0;24.0;2025/26;Bundesliga;2026-10-10T14:30:00;SCP vs VFB;5;2026-10-03;de.1;5.0;VfB Stuttgart;vfb-stuttgart;204335.0;Inverted Full-Back;6905.1;52.7;https://maikmitai.com/api/score-history?team=vfb-stuttgart;2026-10-03T18:11:35+00:00;vfb-stuttgart;12.0;6206.0;https://www.ligainsider.de/maximilian-mittelstaedt_6206/;False
2026-10-03T18:13:48+00:00;https://www.base-xi.de/api/players;2694;Angelo Stiller;VfB Stuttgart;VFB;Mittelfeld;6;26820367;79779;459773;81454;up;234;59;81.0;3.3;4;4;77;14539369;False;0;False;0;;4054.0;119.0;34.0;30.0;2025/26;Bundesliga;2026-10-10T14:30:00;SCP vs VFB;5;2026-10-03;de.1;5.0;VfB Stuttgart;vfb-stuttgart;437922.0;High Playmaking Midfielder;6239.8;97.3;https://maikmitai.com/api/score-history?team=vfb-stuttgart;2026-10-03T18:11:35+00:00;vfb-stuttgart;12.0;20766.0;https://www.ligainsider.de/angelo-stiller_20766/;True
2026-10-03T18:13:48+00:00;https://www.base-xi.de/api/players;3190;Jeff Chabot;VfB Stuttgart;VFB;Abwehr;24;18165375;116389;-427940;128122;up;354;89;95.0;5.6;4;4;91;18113210;False;0;False;0;;3061.0;113.0;27.0;26.0;2025/26;Bundesliga;2026-10-10T14:30:00;SCP vs VFB;5;2026-10-03;de.1;5.0;VfB Stuttgart;vfb-stuttgart;428785.0;Defensive Centre-Back;5704.0;36.1;https://maikmitai.com/api/score-history?team=vfb-stuttgart;2026-10-03T18:11:35+00:00;;;;;False
2026-10-03T18:13:48+00:00;https://www.base-xi.de/api/players;2172;Chris Führich;VfB Stuttgart;VFB;Mittelfeld;10;16253028;173991;184214;186086;up;181;60;76.0;5.1;3;3;68;11492092;False;0;False;0;;3346.0;101.0;33.0;20.0;2025/26;Bundesliga;2026-10-10T14:30:00;SCP vs VFB;5;2026-10-03;de.1;5.0;VfB Stuttgart;vfb-stuttgart;442218.0;Attacking Winger;5016.8;-18.9;https://maikmitai.com/api/score-history?team=vfb-stuttgart;2026-10-03T18:11:35+00:00;vfb-stuttgart;12.0;18542.0;https://www.ligainsider.de/chris-fuehrich_18542/;False
2026-10-03T18:13:48+00:00;https://www.base-xi.de/api/players;2199;Josha Vagnoman;VfB Stuttgart;VFB;Abwehr;4;13798894;117706;908271;111855;up;524;131;52.0;7.0;4;4;92;5769348;False;0;False;0;;1638.0;61.0;27.0;18.0;2025/26;Bundesliga;2026-10-10T14:30:00;SCP vs VFB;5;2026-10-03;de.1;5.0;VfB Stuttgart;vfb-stuttgart;438957.0;Wing-Back;3727.1;-12.7;https://maikmitai.com/api/score-history?team=vfb-stuttgart;2026-10-03T18:11:35+00:00;vfb-stuttgart;12.0;18427.0;https://www.ligainsider.de/josha-vagnoman_18427/;True
2026-10-03T18:13:48+00:00;https://www.base-xi.de/api/players;7349;Finn Jeltsch;VfB Stuttgart;VFB;Abwehr;29;13581635;40024;-1651255;70024;up;295;74;64.0;5.4;4;4;96;8134489;True;0;False;0;;1665.0;72.0;23.0;17.0;2025/26;Bundesliga;2026-10-10T14:30:00;SCP vs VFB;5;2026-10-03;de.1;5.0;VfB Stuttgart;vfb-stuttgart;554088.0;Wide Centre-Back;3757.3;95.3;https://maikmitai.com/api/score-history?team=vfb-stuttgart;2026-10-03T18:11:35+00:00;vfb-stuttgart;12.0;36816.0;https://www.ligainsider.de/finn-jeltsch_36816/;True
2026-10-03T18:13:48+00:00;https://www.base-xi.de/api/players;1671;Grischa Prömel;VfB Stuttgart;VFB;Mittelfeld;21;12980732;31339;-1279165;46326;up;342;86;44.0;6.2;4;4;94;4512586;True;0;False;0;;2495.0;76.0;33.0;16.0;2025/26;Bundesliga;2026-10-10T14:30:00;SCP vs VFB;5;2026-10-03;de.1;5.0;VfB Stuttgart;vfb-stuttgart;209184.0;Box-to-Box Midfielder;4216.8;262.6;https://maikmitai.com/api/score-history?team=vfb-stuttgart;2026-10-03T18:11:35+00:00;vfb-stuttgart;12.0;5816.0;https://www.ligainsider.de/grischa-proemel_5816/;False
2026-10-03T18:13:48+00:00;https://www.base-xi.de/api/players;11955;Bilal El Khannouss;VfB Stuttgart;VFB;Mittelfeld;11;12903790;-82974;-2819827;-52974;down;224;56;74.0;6.4;4;2;53;10994328;False;0;False;0;;2713.0;109.0;25.0;19.0;2025/26;Bundesliga;2026-10-10T14:30:00;SCP vs VFB;5;2026-10-03;de.1;5.0;VfB Stuttgart;vfb-stuttgart;513527.0;Mobile Playmaker;4959.1;83.5;https://maikmitai.com/api/score-history?team=vfb-stuttgart;2026-10-03T18:11:35+00:00;vfb-stuttgart;12.0;37086.0;https://www.ligainsider.de/bilal-el-khannouss_37086/;True
2026-10-03T18:13:48+00:00;https://www.base-xi.de/api/players;2854;Ermedin Demirović;VfB Stuttgart;VFB;Sturm;9;10817090;-232365;-2859148;-202365;down;152;38;55.0;5.9;4;2;55;6259136;False;0;False;0;;2254.0;90.0;25.0;17.0;2025/26;Bundesliga;2026-10-10T14:30:00;SCP vs VFB;5;2026-10-03;de.1;5.0;VfB Stuttgart;vfb-stuttgart;429256.0;Target Man;3933.5;-36.0;https://maikmitai.com/api/score-history?team=vfb-stuttgart;2026-10-03T18:11:35+00:00;vfb-stuttgart;12.0;24166.0;https://www.ligainsider.de/ermedin-demirovic_24166/;False
2026-10-03T18:13:48+00:00;https://www.base-xi.de/api/players;6085;Dennis Seimen;VfB Stuttgart;VFB;Torwart;41;10124581;340927;2578637;324303;up;0;0;60.0;;0;0;0;0;False;0;False;0;;3420.0;101.0;34.0;34.0;2025/26;2. Bundesliga;2026-10-10T14:30:00;SCP vs VFB;5;2026-10-03;de.1;5.0;VfB Stuttgart;vfb-stuttgart;516952.0;Sweeper;3420.5;;https://maikmitai.com/api/score-history?team=vfb-stuttgart;2026-10-03T18:11:35+00:00;vfb-stuttgart;12.0;35226.0;https://www.ligainsider.de/dennis-seimen_35226/;True
2026-10-03T18:13:48+00:00;https://www.base-xi.de/api/players;2988;Jamie Leweling;VfB Stuttgart;VFB;Mittelfeld;18;9904659;89935;-1351188;119935;up;12;3;43.0;5.4;4;0;25;4270218;True;0;False;0;;3282.0;103.0;32.0;26.0;2025/26;Bundesliga;2026-10-10T14:30:00;SCP vs VFB;5;2026-10-03;de.1;5.0;VfB Stuttgart;vfb-stuttgart;488677.0;Inverted Winger;3552.5;-55.2;https://maikmitai.com/api/score-history?team=vfb-stuttgart;2026-10-03T18:11:35+00:00;vfb-stuttgart;12.0;21336.0;https://www.ligainsider.de/jamie-leweling_21336/;False
2026-10-03T18:13:48+00:00;https://www.base-xi.de/api/players;3193;Tiago Tomás;VfB Stuttgart;VFB;Sturm;8;7681391;-112993;1258633;-160362;down;35;35;42.0;7.1;1;1;63;2635382;False;0;False;4;Nach Muskelverletzung - trainiert individuell mit Ball;1606.0;59.0;27.0;10.0;2025/26;Bundesliga;2026-10-10T14:30:00;SCP vs VFB;5;2026-10-03;de.1;5.0;VfB Stuttgart;vfb-stuttgart;465209.0;Inverted Winger;3806.0;-52.0;https://maikmitai.com/api/score-history?team=vfb-stuttgart;2026-10-03T18:11:35+00:00;vfb-stuttgart;12.0;24512.0;https://www.ligainsider.de/tiago-tomas_24512/;False
2026-10-03T18:13:48+00:00;https://www.base-xi.de/api/players;4296;Dzenan Pejčinović;VfB Stuttgart;VFB;Sturm;17;7030299;225153;-118803;255153;up;103;26;12.0;5.1;4;3;72;500000;False;0;False;0;;1371.0;46.0;30.0;16.0;2025/26;Bundesliga;2026-10-10T14:30:00;SCP vs VFB;5;2026-10-03;de.1;5.0;VfB Stuttgart;vfb-stuttgart;522019.0;Target Man;4080.2;-2.4;https://maikmitai.com/api/score-history?team=vfb-stuttgart;2026-10-03T18:11:35+00:00;vfb-stuttgart;12.0;26158.0;https://www.ligainsider.de/dzenan-pejcinovic_26158/;False
2026-10-03T18:13:48+00:00;https://www.base-xi.de/api/players;2237;Fabian Bredlow;VfB Stuttgart;VFB;Torwart;1;6678714;-261570;-2167414;-255735;down;396;99;;;4;4;96;0;False;0;False;0;;0.0;;0.0;0.0;2025/26;;2026-10-10T14:30:00;SCP vs VFB;5;2026-10-03;de.1;5.0;VfB Stuttgart;vfb-stuttgart;179612.0;Classic Goalkeeper;3540.4;-1061.1;https://maikmitai.com/api/score-history?team=vfb-stuttgart;2026-10-03T18:11:35+00:00;vfb-stuttgart;12.0;6395.0;https://www.ligainsider.de/fabian-bredlow_6395/;True
2026-10-03T18:13:48+00:00;https://www.base-xi.de/api/players;2214;Atakan Karazor;VfB Stuttgart;VFB;Mittelfeld;16;6558578;193310;1651614;181561;up;0;0;58.0;;0;0;0;0;False;0;False;0;;1817.0;65.0;28.0;22.0;2025/26;Bundesliga;2026-10-10T14:30:00;SCP vs VFB;5;2026-10-03;de.1;5.0;VfB Stuttgart;vfb-stuttgart;428181.0;Ball-Winning Pivot-Player;4181.1;;https://maikmitai.com/api/score-history?team=vfb-stuttgart;2026-10-03T18:11:35+00:00;vfb-stuttgart;12.0;10442.0;https://www.ligainsider.de/atakan-karazor_10442/;False
2026-10-03T18:13:48+00:00;https://www.base-xi.de/api/players;9615;Ameen Al Dakhil;VfB Stuttgart;VFB;Abwehr;2;6023652;-229821;1140207;-352767;down;0;0;50.0;;0;0;0;0;False;0;False;1;Knieverletzung - Trainingsrückkehr in 1-2 Wochen;414.0;52.0;8.0;3.0;2025/26;Bundesliga;2026-10-10T14:30:00;SCP vs VFB;5;2026-10-03;de.1;5.0;VfB Stuttgart;vfb-stuttgart;487968.0;Wide Centre-Back;4050.1;;https://maikmitai.com/api/score-history?team=vfb-stuttgart;2026-10-03T18:11:35+00:00;vfb-stuttgart;12.0;37516.0;https://www.ligainsider.de/ameen-al-dakhil_37516/;False
2026-10-03T18:13:48+00:00;https://www.base-xi.de/api/players;11043;Lorenz Assignon;VfB Stuttgart;VFB;Abwehr;22;5843961;179306;1758237;168869;up;0;0;46.0;;0;0;0;0;False;0;False;0;;1141.0;48.0;24.0;12.0;2025/26;Bundesliga;2026-10-10T14:30:00;SCP vs VFB;5;2026-10-03;de.1;5.0;VfB Stuttgart;vfb-stuttgart;503724.0;Wing-Runner;4246.5;;https://maikmitai.com/api/score-history?team=vfb-stuttgart;2026-10-03T18:11:35+00:00;vfb-stuttgart;12.0;25114.0;https://www.ligainsider.de/lorenz-assignon_25114/;False
2026-10-03T18:13:48+00:00;https://www.base-xi.de/api/players;2068;Dan-Axel Zagadou;VfB Stuttgart;VFB;Abwehr;23;5633706;201528;2197890;167825;up;0;0;;;0;0;0;0;False;0;False;2;Nach Muskelverletzung - trainiert individuell mit Ball;424.0;141.0;3.0;3.0;2025/26;Bundesliga;2026-10-10T14:30:00;SCP vs VFB;5;2026-10-03;de.1;5.0;VfB Stuttgart;vfb-stuttgart;225895.0;Ball-Playing Centre-Back;4977.8;;https://maikmitai.com/api/score-history?team=vfb-stuttgart;2026-10-03T18:11:35+00:00;vfb-stuttgart;12.0;12683.0;https://www.ligainsider.de/dan-axel-zagadou_12683/;False
2026-10-03T18:13:48+00:00;https://www.base-xi.de/api/players;2120;Nikolas Nartey;VfB Stuttgart;VFB;Mittelfeld;28;4542443;-86263;-1724415;-64952;down;-9;-9;40.0;12.5;1;0;10;2445524;False;0;False;0;;2041.0;73.0;28.0;14.0;2025/26;Bundesliga;2026-10-10T14:30:00;SCP vs VFB;5;2026-10-03;de.1;5.0;VfB Stuttgart;vfb-stuttgart;430817.0;Playmaking Winger;3823.5;;https://maikmitai.com/api/score-history?team=vfb-stuttgart;2026-10-03T18:11:35+00:00;vfb-stuttgart;12.0;13737.0;https://www.ligainsider.de/nikolas-nartey_13737/;True
2026-10-03T18:13:48+00:00;https://www.base-xi.de/api/players;10112;Luca Jaquez;VfB Stuttgart;VFB;Abwehr;14;4172796;310576;1837011;289553;up;0;0;90.0;;0;0;0;0;False;0;False;2;Nach muskulären Problemen - trainiert individuell mit Ball;1161.0;83.0;14.0;10.0;2025/26;Bundesliga;2026-10-10T14:30:00;SCP vs VFB;5;2026-10-03;de.1;5.0;VfB Stuttgart;vfb-stuttgart;563987.0;Ball-Playing Centre-Back;3820.0;;https://maikmitai.com/api/score-history?team=vfb-stuttgart;2026-10-03T18:11:35+00:00;vfb-stuttgart;12.0;38305.0;https://www.ligainsider.de/luca-jaquez_38305/;False
2026-10-03T18:13:48+00:00;https://www.base-xi.de/api/players;8247;Ramon Hendriks;VfB Stuttgart;VFB;Abwehr;3;4050568;-59081;-536451;-58860;down;54;18;50.0;11.2;3;2;66;5057849;False;0;False;0;;2040.0;66.0;31.0;22.0;2025/26;Bundesliga;2026-10-10T14:30:00;SCP vs VFB;5;2026-10-03;de.1;5.0;VfB Stuttgart;vfb-stuttgart;450067.0;Wide Centre-Back;4297.1;158.6;https://maikmitai.com/api/score-history?team=vfb-stuttgart;2026-10-03T18:11:35+00:00;vfb-stuttgart;12.0;23957.0;https://www.ligainsider.de/ramon-hendriks_23957/;False
2026-10-03T18:13:48+00:00;https://www.base-xi.de/api/players;7781;Leo Sauer;VfB Stuttgart;VFB;Mittelfeld;44;3085620;-120467;-950559;-118204;down;24;8;;;3;0;13;0;False;0;False;0;;;;;;2025/26;;2026-10-10T14:30:00;SCP vs VFB;5;2026-10-03;de.1;5.0;VfB Stuttgart;vfb-stuttgart;556187.0;Attacking Winger;3811.9;-2.7;https://maikmitai.com/api/score-history?team=vfb-stuttgart;2026-10-03T18:11:35+00:00;vfb-stuttgart;12.0;36387.0;https://www.ligainsider.de/leo-sauer_36387/;False
2026-10-03T18:13:48+00:00;https://www.base-xi.de/api/players;4589;Justin Diehl;VfB Stuttgart;VFB;Sturm;31;500000;0;0;0;right;0;0;;;0;0;0;0;False;0;False;1;Muskelverletzung im Oberschenkel - weiterhin nicht im Teamtraining;0.0;;0.0;0.0;2025/26;;2026-10-10T14:30:00;SCP vs VFB;5;2026-10-03;de.1;5.0;VfB Stuttgart;vfb-stuttgart;549890.0;Attacking Winger;2682.2;;https://maikmitai.com/api/score-history?team=vfb-stuttgart;2026-10-03T18:11:35+00:00;vfb-stuttgart;12.0;24547.0;https://www.ligainsider.de/justin-diehl_24547/;False
2026-10-03T18:13:48+00:00;https://www.base-xi.de/api/players;7257;Leonidas Stergiou;VfB Stuttgart;VFB;Abwehr;20;500000;0;0;0;right;-8;-8;;;1;0;21;0;False;0;False;0;;174.0;29.0;6.0;1.0;2025/26;Bundesliga;2026-10-10T14:30:00;SCP vs VFB;5;2026-10-03;de.1;5.0;VfB Stuttgart;vfb-stuttgart;476824.0;Inverted Full-Back;4244.3;81.0;https://maikmitai.com/api/score-history?team=vfb-stuttgart;2026-10-03T18:11:35+00:00;vfb-stuttgart;12.0;36303.0;https://www.ligainsider.de/leonidas-stergiou_36303/;False
2026-10-03T18:13:48+00:00;https://www.base-xi.de/api/players;2445;Marius Funk;VfB Stuttgart;VFB;Torwart;33;500000;0;0;0;right;0;0;;;0;0;0;0;False;0;False;0;;;;;;2025/26;;2026-10-10T14:30:00;SCP vs VFB;5;2026-10-03;de.1;5.0;VfB Stuttgart;vfb-stuttgart;172542.0;Sweeper;2951.3;;https://maikmitai.com/api/score-history?team=vfb-stuttgart;2026-10-03T18:11:35+00:00;vfb-stuttgart;12.0;5936.0;https://www.ligainsider.de/marius-funk_5936/;False
2026-10-03T18:13:48+00:00;https://www.base-xi.de/api/players;12367;Yanik Spalt;VfB Stuttgart;VFB;Mittelfeld;47;500000;0;-477067;0;right;39;20;;;2;0;34;0;False;0;False;0;;;;;;2025/26;;2026-10-10T14:30:00;SCP vs VFB;5;2026-10-03;de.1;5.0;VfB Stuttgart;vfb-stuttgart;518973.0;Inverted Full-Back;2800.2;53.5;https://maikmitai.com/api/score-history?team=vfb-stuttgart;2026-10-03T18:11:35+00:00;vfb-stuttgart;12.0;38662.0;https://www.ligainsider.de/yanik-spalt_38662/;False
